stat,book,line,side,n,hit,roi,se,t
shots_onGoal,draftkings,1.5,under,4917,0.483,-0.033,0.014,-2.29
shots_onGoal,draftkings,1.5,over,4917,0.517,-0.084,0.013,-6.52
shots_onGoal,draftkings,2.5,under,3369,0.554,-0.017,0.015,-1.08
shots_onGoal,draftkings,2.5,over,3369,0.446,-0.108,0.017,-6.22
shots_onGoal,draftkings,3.5,under,718,0.584,0.023,0.033,0.69
shots_onGoal,draftkings,3.5,over,718,0.416,-0.147,0.038,-3.86
shots_onGoal,fanduel,1.5,under,2278,0.456,-0.03,0.022,-1.32
shots_onGoal,fanduel,1.5,over,2278,0.544,-0.085,0.018,-4.78
shots_onGoal,fanduel,2.5,under,2991,0.551,-0.031,0.016,-1.88
shots_onGoal,fanduel,2.5,over,2991,0.449,-0.095,0.019,-5.1
shots_onGoal,fanduel,3.5,under,658,0.578,0.002,0.034,0.07
shots_onGoal,fanduel,3.5,over,658,0.422,-0.125,0.04,-3.12
assists,draftkings,0.5,under,10342,0.667,-0.032,0.007,-4.62
assists,draftkings,0.5,over,10342,0.333,-0.104,0.013,-7.9
goals+assists,draftkings,0.5,under,9714,0.536,-0.06,0.009,-6.45
goals+assists,draftkings,0.5,over,9714,0.464,-0.061,0.011,-5.67
goals+assists,draftkings,1.5,under,676,0.648,0.016,0.029,0.54
goals+assists,draftkings,1.5,over,676,0.352,-0.154,0.045,-3.41
points,fanduel,0.5,under,3966,0.712,-0.046,0.01,-4.73
points,fanduel,0.5,over,3966,0.288,-0.113,0.023,-4.96
