ym,book,fam,events,n_rows,pregame_share,alt_share,two_sided_share
2025-05,draftkings,G_SAVES,21,96,0.146,0.125,1.0
2025-06,draftkings,G_SAVES,5,28,0.286,0.286,1.0
2025-10,draftkings,G_SAVES,138,580,0.138,0.103,1.0
2025-11,draftkings,G_SAVES,202,866,0.164,0.074,1.0
2025-12,draftkings,G_SAVES,199,822,0.109,0.075,1.0
2026-01,draftkings,G_SAVES,216,884,0.113,0.086,1.0
2026-02,draftkings,G_SAVES,70,288,0.097,0.069,1.0
2026-03,draftkings,G_SAVES,233,980,0.098,0.073,1.0
2026-04,draftkings,G_SAVES,162,652,0.113,0.089,1.0
2026-05,draftkings,G_SAVES,34,162,0.173,0.123,1.0
2026-06,draftkings,G_SAVES,5,30,0.333,0.267,1.0
2026-09,draftkings,G_SAVES,2,57,0.14,0.86,0.188
2025-04,fanduel,G_SAVES,1,10,0.0,0.6,1.0
2025-06,fanduel,G_SAVES,4,22,1.0,0.273,1.0
2026-01,fanduel,G_SAVES,169,7543,0.036,0.918,0.062
2026-02,fanduel,G_SAVES,69,3171,0.033,0.919,0.059
2026-03,fanduel,G_SAVES,232,9907,0.02,0.913,0.058
2026-04,fanduel,G_SAVES,159,5116,0.063,0.889,0.083
2026-05,fanduel,G_SAVES,34,208,0.269,0.356,1.0
2026-06,fanduel,G_SAVES,5,32,0.375,0.313,1.0
2026-09,fanduel,G_SAVES,2,14,0.429,0.429,1.0
2025-02,pinnacle,G_SAVES,96,392,0.097,0.061,1.0
2025-03,pinnacle,G_SAVES,225,956,0.105,0.065,1.0
2025-04,pinnacle,G_SAVES,44,176,0.091,0.068,1.0
2025-05,pinnacle,G_SAVES,37,160,0.088,0.063,1.0
2025-06,pinnacle,G_SAVES,5,26,0.231,0.231,1.0
2025-10,pinnacle,G_SAVES,170,714,0.115,0.098,1.0
2025-11,pinnacle,G_SAVES,200,842,0.093,0.069,1.0
2025-12,pinnacle,G_SAVES,122,490,0.082,0.073,1.0
2026-01,pinnacle,G_SAVES,213,861,0.098,0.088,0.998
2026-02,pinnacle,G_SAVES,69,274,0.08,0.08,1.0
2026-03,pinnacle,G_SAVES,235,970,0.07,0.076,1.0
2026-04,pinnacle,G_SAVES,163,672,0.152,0.098,1.0
2026-05,pinnacle,G_SAVES,33,156,0.167,0.115,1.0
2026-06,pinnacle,G_SAVES,5,26,0.615,0.231,1.0
2026-09,pinnacle,G_SAVES,2,8,0.0,0.0,1.0
2024-10,draftkings,ML,128,256,0.0,0.0,
2024-11,draftkings,ML,168,336,0.0,0.0,
2024-12,draftkings,ML,133,266,0.0,0.0,
2025-01,draftkings,ML,124,248,0.0,0.0,
2025-02,draftkings,ML,100,200,0.0,0.0,
2025-03,draftkings,ML,225,450,0.0,0.0,
2025-04,draftkings,ML,171,342,0.0,0.0,
2025-05,draftkings,ML,38,76,0.0,0.0,
2025-06,draftkings,ML,5,10,0.0,0.0,
2025-10,draftkings,ML,175,350,0.0,0.0,
2025-11,draftkings,ML,203,406,0.0,0.0,
2025-12,draftkings,ML,200,400,0.0,0.0,
2026-01,draftkings,ML,217,434,0.0,0.0,
2026-02,draftkings,ML,70,140,0.0,0.0,
2026-03,draftkings,ML,235,470,0.0,0.0,
2026-04,draftkings,ML,164,328,0.0,0.0,
2026-05,draftkings,ML,34,68,0.0,0.0,
2026-06,draftkings,ML,5,10,0.0,0.0,
2026-09,draftkings,ML,2,4,0.0,0.0,
2024-10,fanduel,ML,73,146,0.0,0.0,
2024-11,fanduel,ML,107,214,0.0,0.0,
2024-12,fanduel,ML,83,166,0.0,0.0,
2025-01,fanduel,ML,106,212,0.0,0.0,
2025-02,fanduel,ML,100,200,0.0,0.0,
2025-03,fanduel,ML,225,450,0.0,0.0,
2025-04,fanduel,ML,171,342,0.0,0.0,
2025-05,fanduel,ML,38,76,0.0,0.0,
2025-06,fanduel,ML,5,10,0.0,0.0,
2025-10,fanduel,ML,175,350,0.0,0.0,
2025-11,fanduel,ML,203,406,0.0,0.0,
2025-12,fanduel,ML,200,400,0.0,0.0,
2026-01,fanduel,ML,217,434,0.0,0.0,
2026-02,fanduel,ML,70,140,0.0,0.0,
2026-03,fanduel,ML,235,470,0.0,0.0,
2026-04,fanduel,ML,164,328,0.0,0.0,
2026-05,fanduel,ML,34,68,0.0,0.0,
2026-06,fanduel,ML,5,10,0.0,0.0,
2026-09,fanduel,ML,2,4,0.0,0.0,
2024-10,pinnacle,ML,75,150,0.0,0.0,
2024-11,pinnacle,ML,114,228,0.0,0.0,
2024-12,pinnacle,ML,105,210,0.0,0.0,
2025-01,pinnacle,ML,121,242,0.0,0.0,
2025-02,pinnacle,ML,100,200,0.0,0.0,
2025-03,pinnacle,ML,225,450,0.0,0.0,
2025-04,pinnacle,ML,171,342,0.0,0.0,
2025-05,pinnacle,ML,38,76,0.0,0.0,
2025-06,pinnacle,ML,5,10,0.0,0.0,
2025-10,pinnacle,ML,175,350,0.0,0.0,
2025-11,pinnacle,ML,203,406,0.0,0.0,
2025-12,pinnacle,ML,200,400,0.0,0.0,
2026-01,pinnacle,ML,217,434,0.0,0.0,
2026-02,pinnacle,ML,70,140,0.0,0.0,
2026-03,pinnacle,ML,235,470,0.0,0.0,
2026-04,pinnacle,ML,164,328,0.0,0.0,
2026-05,pinnacle,ML,34,68,0.0,0.0,
2026-06,pinnacle,ML,5,10,0.0,0.0,
2026-09,pinnacle,ML,2,4,0.0,0.0,
2025-02,draftkings,OTHER,100,7115,0.061,0.0,0.0
2025-03,draftkings,OTHER,225,16291,0.019,0.0,0.0
2025-04,draftkings,OTHER,169,12291,0.066,0.0,0.0
2025-05,draftkings,OTHER,38,4159,0.078,0.088,0.134
2025-06,draftkings,OTHER,5,887,0.213,0.112,0.306
2025-10,draftkings,OTHER,175,19734,0.042,0.062,0.185
2025-11,draftkings,OTHER,203,22925,0.066,0.051,0.192
2025-12,draftkings,OTHER,200,22406,0.049,0.064,0.184
2026-01,draftkings,OTHER,217,24619,0.036,0.073,0.192
2026-02,draftkings,OTHER,70,7924,0.031,0.064,0.18
2026-03,draftkings,OTHER,235,25387,0.038,0.065,0.192
2026-04,draftkings,OTHER,164,18364,0.054,0.07,0.176
2026-05,draftkings,OTHER,34,5125,0.032,0.084,0.149
2026-06,draftkings,OTHER,5,919,0.046,0.1,0.174
2026-09,draftkings,OTHER,2,159,0.119,0.013,0.032
2024-10,fanduel,OTHER,1,28,0.0,0.0,0.0
2024-11,fanduel,OTHER,3,75,0.0,0.0,0.0
2025-01,fanduel,OTHER,1,21,0.0,0.0,0.0
2025-02,fanduel,OTHER,100,7163,0.044,0.0,0.0
2025-03,fanduel,OTHER,225,16522,0.085,0.0,0.0
2025-04,fanduel,OTHER,169,12480,0.068,0.0,0.0
2025-05,fanduel,OTHER,38,3246,0.054,0.085,0.0
2025-06,fanduel,OTHER,5,707,0.303,0.165,0.165
2025-10,fanduel,OTHER,175,6674,0.052,0.0,0.0
2025-11,fanduel,OTHER,203,7749,0.043,0.0,0.0
2025-12,fanduel,OTHER,200,7557,0.044,0.0,0.0
2026-01,fanduel,OTHER,217,7949,0.045,0.0,0.0
2026-02,fanduel,OTHER,70,2663,0.039,0.0,0.0
2026-03,fanduel,OTHER,235,8309,0.041,0.0,0.0
2026-04,fanduel,OTHER,164,6312,0.057,0.062,0.0
2026-05,fanduel,OTHER,34,2082,0.021,0.212,0.0
2026-06,fanduel,OTHER,5,671,0.018,0.353,0.0
2026-09,fanduel,OTHER,2,118,0.068,0.0,0.0
2025-06,pinnacle,OTHER,4,168,1.0,0.012,1.0
2024-10,draftkings,PL,126,272,0.0,0.074,
2024-11,draftkings,PL,152,314,0.0,0.032,
2024-12,draftkings,PL,112,240,0.0,0.067,
2025-01,draftkings,PL,77,198,0.0,0.222,
2025-02,draftkings,PL,100,1524,0.014,0.869,
2025-03,draftkings,PL,225,3422,0.009,0.868,
2025-04,draftkings,PL,171,2630,0.018,0.87,
2025-05,draftkings,PL,38,588,0.014,0.871,
2025-06,draftkings,PL,5,82,0.0,0.878,
2025-10,draftkings,PL,175,2162,0.003,0.838,
2025-11,draftkings,PL,203,2510,0.002,0.838,
2025-12,draftkings,PL,200,2512,0.004,0.841,
2026-01,draftkings,PL,217,2730,0.001,0.841,
2026-02,draftkings,PL,70,948,0.015,0.852,
2026-03,draftkings,PL,235,3586,0.005,0.869,
2026-04,draftkings,PL,164,2476,0.002,0.868,
2026-05,draftkings,PL,34,520,0.012,0.869,
2026-06,draftkings,PL,5,72,0.0,0.861,
2026-09,draftkings,PL,2,26,0.0,0.846,
2024-10,fanduel,PL,110,598,0.0,0.635,
2024-11,fanduel,PL,137,740,0.0,0.631,
2024-12,fanduel,PL,146,703,0.0,0.587,
2025-01,fanduel,PL,146,653,0.0,0.554,
2025-02,fanduel,PL,100,1778,0.012,0.888,
2025-03,fanduel,PL,225,3840,0.018,0.883,
2025-04,fanduel,PL,171,2945,0.017,0.884,
2025-05,fanduel,PL,38,689,0.013,0.89,
2025-06,fanduel,PL,5,100,0.0,0.9,
2025-10,fanduel,PL,175,3381,0.011,0.896,
2025-11,fanduel,PL,203,3939,0.01,0.897,
2025-12,fanduel,PL,200,3866,0.007,0.897,
2026-01,fanduel,PL,217,4353,0.008,0.9,
2026-02,fanduel,PL,70,1397,0.01,0.9,
2026-03,fanduel,PL,235,4735,0.007,0.901,
2026-04,fanduel,PL,164,3245,0.012,0.899,
2026-05,fanduel,PL,34,686,0.004,0.901,
2026-06,fanduel,PL,5,103,0.01,0.903,
2026-09,fanduel,PL,2,45,0.0,0.911,
2024-10,pinnacle,PL,109,218,0.0,0.0,
2024-11,pinnacle,PL,132,264,0.0,0.0,
2024-12,pinnacle,PL,135,270,0.0,0.0,
2025-01,pinnacle,PL,140,280,0.0,0.0,
2025-02,pinnacle,PL,100,1346,0.016,0.851,
2025-03,pinnacle,PL,225,3406,0.004,0.868,
2025-04,pinnacle,PL,171,2814,0.006,0.878,
2025-05,pinnacle,PL,38,630,0.0,0.879,
2025-06,pinnacle,PL,5,92,0.022,0.891,
2025-10,pinnacle,PL,175,2770,0.001,0.874,
2025-11,pinnacle,PL,203,3216,0.005,0.874,
2025-12,pinnacle,PL,200,2818,0.003,0.858,
2026-01,pinnacle,PL,217,3590,0.002,0.879,
2026-02,pinnacle,PL,70,1120,0.004,0.875,
2026-03,pinnacle,PL,235,3822,0.0,0.877,
2026-04,pinnacle,PL,164,2680,0.006,0.878,
2026-05,pinnacle,PL,34,572,0.017,0.881,
2026-06,pinnacle,PL,5,72,0.0,0.861,
2026-09,pinnacle,PL,2,26,0.0,0.846,
2025-02,draftkings,P_AST,100,5440,0.091,0.409,0.409
2025-03,draftkings,P_AST,225,12206,0.027,0.409,0.418
2025-04,draftkings,P_AST,169,9635,0.037,0.429,0.399
2025-05,draftkings,P_AST,38,3148,0.042,0.466,0.363
2025-06,draftkings,P_AST,5,533,0.043,0.463,0.374
2025-10,draftkings,P_AST,175,10994,0.02,0.49,0.34
2025-11,draftkings,P_AST,203,12899,0.017,0.489,0.339
2025-12,draftkings,P_AST,200,12393,0.008,0.486,0.339
2026-01,draftkings,P_AST,217,13867,0.015,0.487,0.34
2026-02,draftkings,P_AST,70,4786,0.022,0.48,0.349
2026-03,draftkings,P_AST,235,15273,0.014,0.482,0.348
2026-04,draftkings,P_AST,164,12391,0.029,0.418,0.291
2026-05,draftkings,P_AST,34,4349,0.043,0.306,0.209
2026-06,draftkings,P_AST,5,614,0.003,0.331,0.199
2026-09,draftkings,P_AST,2,220,0.041,0.155,0.243
2025-02,fanduel,P_AST,100,3125,0.052,0.548,0.0
2025-03,fanduel,P_AST,225,6998,0.088,0.536,0.0
2025-04,fanduel,P_AST,169,5457,0.086,0.528,0.0
2025-05,fanduel,P_AST,38,1473,0.062,0.52,0.0
2025-06,fanduel,P_AST,5,227,0.079,0.577,0.0
2025-10,fanduel,P_AST,175,5900,0.067,0.554,0.0
2025-11,fanduel,P_AST,203,6864,0.07,0.565,0.0
2025-12,fanduel,P_AST,200,5761,0.06,0.577,0.0
2026-01,fanduel,P_AST,217,6816,0.075,0.562,0.0
2026-02,fanduel,P_AST,70,2252,0.063,0.564,0.0
2026-03,fanduel,P_AST,235,6637,0.074,0.584,0.0
2026-04,fanduel,P_AST,158,4397,0.093,0.537,0.0
2026-05,fanduel,P_AST,24,1341,0.211,0.374,0.0
2026-06,fanduel,P_AST,3,114,0.044,0.368,0.0
2026-09,fanduel,P_AST,2,86,0.035,0.419,0.0
2025-02,pinnacle,P_AST,100,3094,0.068,0.001,1.0
2025-03,pinnacle,P_AST,225,7202,0.043,0.0,1.0
2025-04,pinnacle,P_AST,171,5576,0.086,0.0,1.0
2025-05,pinnacle,P_AST,37,1584,0.028,0.0,1.0
2025-06,pinnacle,P_AST,5,270,0.015,0.007,1.0
2025-10,pinnacle,P_AST,174,5608,0.022,0.0,1.0
2025-11,pinnacle,P_AST,203,6634,0.029,0.0,1.0
2025-12,pinnacle,P_AST,127,4048,0.016,0.0,1.0
2026-01,pinnacle,P_AST,217,6991,0.011,0.001,1.0
2026-02,pinnacle,P_AST,70,2458,0.026,0.0,1.0
2026-03,pinnacle,P_AST,235,7874,0.001,0.001,1.0
2026-04,pinnacle,P_AST,164,7463,0.107,0.001,0.615
2026-05,pinnacle,P_AST,33,3178,0.084,0.0,0.334
2026-06,pinnacle,P_AST,5,556,0.424,0.0,0.333
2026-09,pinnacle,P_AST,2,64,0.0,0.0,0.333
2025-02,draftkings,P_GOALS,100,7861,0.045,0.103,0.0
2025-03,draftkings,P_GOALS,225,17980,0.021,0.105,0.0
2025-04,draftkings,P_GOALS,169,13584,0.042,0.106,0.0
2025-05,draftkings,P_GOALS,38,3100,0.051,0.11,0.0
2025-06,draftkings,P_GOALS,5,419,0.033,0.124,0.0
2025-10,draftkings,P_GOALS,175,13229,0.027,0.112,0.0
2025-11,draftkings,P_GOALS,203,15625,0.019,0.108,0.0
2025-12,draftkings,P_GOALS,200,14512,0.019,0.115,0.0
2026-01,draftkings,P_GOALS,217,15395,0.027,0.119,0.0
2026-02,draftkings,P_GOALS,70,5099,0.035,0.112,0.0
2026-03,draftkings,P_GOALS,235,16111,0.032,0.12,0.0
2026-04,draftkings,P_GOALS,164,11014,0.043,0.129,0.0
2026-05,draftkings,P_GOALS,34,2555,0.021,0.135,0.0
2026-06,draftkings,P_GOALS,5,414,0.007,0.159,0.0
2026-09,draftkings,P_GOALS,2,171,0.058,0.152,0.0
2024-10,fanduel,P_GOALS,1,1,0.0,0.0,0.0
2024-11,fanduel,P_GOALS,18,99,0.0,0.121,0.0
2024-12,fanduel,P_GOALS,93,329,0.0,0.082,0.0
2025-01,fanduel,P_GOALS,111,420,0.0,0.095,0.0
2025-02,fanduel,P_GOALS,100,8684,0.071,0.235,0.136
2025-03,fanduel,P_GOALS,225,19357,0.091,0.236,0.137
2025-04,fanduel,P_GOALS,169,14914,0.094,0.253,0.125
2025-05,fanduel,P_GOALS,38,3323,0.076,0.255,0.13
2025-06,fanduel,P_GOALS,5,470,0.047,0.262,0.146
2025-10,fanduel,P_GOALS,175,15773,0.076,0.257,0.139
2025-11,fanduel,P_GOALS,203,17605,0.077,0.25,0.118
2025-12,fanduel,P_GOALS,200,17807,0.074,0.239,0.101
2026-01,fanduel,P_GOALS,217,19545,0.074,0.247,0.102
2026-02,fanduel,P_GOALS,70,6401,0.077,0.239,0.093
2026-03,fanduel,P_GOALS,235,19833,0.073,0.24,0.084
2026-04,fanduel,P_GOALS,164,13273,0.093,0.229,0.062
2026-05,fanduel,P_GOALS,34,2980,0.091,0.235,0.078
2026-06,fanduel,P_GOALS,5,505,0.067,0.273,0.12
2026-09,fanduel,P_GOALS,2,219,0.114,0.237,0.09
2025-02,pinnacle,P_GOALS,100,3172,0.098,0.027,1.0
2025-03,pinnacle,P_GOALS,225,6044,0.051,0.0,1.0
2025-04,pinnacle,P_GOALS,171,4668,0.099,0.0,1.0
2025-05,pinnacle,P_GOALS,37,1032,0.041,0.0,1.0
2025-06,pinnacle,P_GOALS,5,142,0.0,0.0,1.0
2025-10,pinnacle,P_GOALS,174,4702,0.037,0.0,1.0
2025-11,pinnacle,P_GOALS,203,5478,0.042,0.0,1.0
2025-12,pinnacle,P_GOALS,127,3392,0.03,0.0,1.0
2026-01,pinnacle,P_GOALS,217,5754,0.009,0.0,1.0
2026-02,pinnacle,P_GOALS,70,1929,0.03,0.0,0.999
2026-03,pinnacle,P_GOALS,235,6050,0.0,0.0,1.0
2026-04,pinnacle,P_GOALS,164,5244,0.087,0.0,0.648
2026-05,pinnacle,P_GOALS,33,1768,0.103,0.0,0.327
2026-06,pinnacle,P_GOALS,5,316,0.43,0.0,0.328
2026-09,pinnacle,P_GOALS,2,52,0.0,0.0,0.333
2025-02,draftkings,P_PTS,100,6090,0.081,0.474,0.349
2025-03,draftkings,P_PTS,225,13894,0.026,0.478,0.352
2025-04,draftkings,P_PTS,169,10714,0.032,0.487,0.346
2025-05,draftkings,P_PTS,38,3308,0.044,0.494,0.34
2025-06,draftkings,P_PTS,5,558,0.022,0.495,0.338
2025-10,draftkings,P_PTS,175,11241,0.02,0.499,0.334
2025-11,draftkings,P_PTS,203,13020,0.02,0.497,0.336
2025-12,draftkings,P_PTS,200,12586,0.011,0.498,0.333
2026-01,draftkings,P_PTS,217,14154,0.017,0.498,0.333
2026-02,draftkings,P_PTS,70,4943,0.026,0.496,0.34
2026-03,draftkings,P_PTS,235,15808,0.019,0.498,0.338
2026-04,draftkings,P_PTS,164,12730,0.035,0.437,0.285
2026-05,draftkings,P_PTS,34,4445,0.049,0.33,0.207
2026-06,draftkings,P_PTS,5,619,0.023,0.342,0.211
2026-09,draftkings,P_PTS,2,259,0.05,0.266,0.21
2024-11,fanduel,P_PTS,2,9,0.0,0.0,0.0
2024-12,fanduel,P_PTS,25,87,0.0,0.0,0.0
2025-01,fanduel,P_PTS,18,74,0.0,0.0,0.0
2025-02,fanduel,P_PTS,100,5510,0.037,0.492,0.346
2025-03,fanduel,P_PTS,224,12631,0.077,0.49,0.348
2025-04,fanduel,P_PTS,169,9660,0.078,0.501,0.311
2025-05,fanduel,P_PTS,38,2644,0.044,0.473,0.367
2025-06,fanduel,P_PTS,5,364,0.03,0.478,0.353
2025-10,fanduel,P_PTS,175,10246,0.054,0.492,0.344
2025-11,fanduel,P_PTS,203,9220,0.071,0.621,0.061
2025-12,fanduel,P_PTS,198,7151,0.048,0.657,0.007
2026-01,fanduel,P_PTS,215,8565,0.063,0.658,0.0
2026-02,fanduel,P_PTS,70,2842,0.051,0.657,0.0
2026-03,fanduel,P_PTS,234,8070,0.055,0.662,0.0
2026-04,fanduel,P_PTS,156,4991,0.084,0.601,0.0
2026-05,fanduel,P_PTS,24,1571,0.205,0.475,0.0
2026-06,fanduel,P_PTS,2,137,0.0,0.489,0.0
2026-09,fanduel,P_PTS,2,97,0.052,0.485,0.0
2025-02,pinnacle,P_PTS,47,1422,0.02,0.003,1.0
2025-03,pinnacle,P_PTS,225,7256,0.042,0.001,1.0
2025-04,pinnacle,P_PTS,171,5658,0.087,0.005,1.0
2025-05,pinnacle,P_PTS,37,1610,0.024,0.004,1.0
2025-06,pinnacle,P_PTS,5,286,0.007,0.0,1.0
2025-10,pinnacle,P_PTS,174,5658,0.027,0.005,1.0
2025-11,pinnacle,P_PTS,203,6668,0.032,0.004,1.0
2025-12,pinnacle,P_PTS,127,4088,0.019,0.003,1.0
2026-01,pinnacle,P_PTS,217,7120,0.014,0.004,1.0
2026-02,pinnacle,P_PTS,70,2478,0.027,0.002,1.0
2026-03,pinnacle,P_PTS,235,7985,0.004,0.004,1.0
2026-04,pinnacle,P_PTS,164,7461,0.11,0.004,0.626
2026-05,pinnacle,P_PTS,33,3256,0.085,0.002,0.344
2026-06,pinnacle,P_PTS,5,588,0.401,0.0,0.339
2026-09,pinnacle,P_PTS,2,184,0.0,0.0,0.333
2025-02,draftkings,P_SOG,100,8193,0.071,0.684,0.193
2025-03,draftkings,P_SOG,225,18648,0.025,0.677,0.196
2025-04,draftkings,P_SOG,169,16020,0.059,0.698,0.183
2025-05,draftkings,P_SOG,38,5658,0.059,0.741,0.15
2025-06,draftkings,P_SOG,5,856,0.03,0.745,0.149
2025-10,draftkings,P_SOG,175,19167,0.053,0.744,0.15
2025-11,draftkings,P_SOG,203,14397,0.105,0.609,0.25
2025-12,draftkings,P_SOG,200,17492,0.047,0.688,0.19
2026-01,draftkings,P_SOG,217,19200,0.032,0.688,0.19
2026-02,draftkings,P_SOG,70,6798,0.044,0.689,0.192
2026-03,draftkings,P_SOG,235,22655,0.033,0.693,0.189
2026-04,draftkings,P_SOG,164,16177,0.053,0.663,0.18
2026-05,draftkings,P_SOG,34,5152,0.041,0.591,0.165
2026-06,draftkings,P_SOG,5,939,0.021,0.561,0.175
2026-09,draftkings,P_SOG,2,338,0.308,0.604,0.097
2025-02,fanduel,P_SOG,100,6700,0.083,0.604,0.284
2025-03,fanduel,P_SOG,225,14458,0.12,0.585,0.291
2025-04,fanduel,P_SOG,169,11953,0.133,0.606,0.262
2025-05,fanduel,P_SOG,38,3236,0.101,0.606,0.263
2025-06,fanduel,P_SOG,5,579,0.104,0.649,0.24
2025-10,fanduel,P_SOG,175,12798,0.107,0.616,0.273
2025-11,fanduel,P_SOG,203,14326,0.108,0.622,0.27
2025-12,fanduel,P_SOG,200,13547,0.115,0.628,0.256
2026-01,fanduel,P_SOG,217,14897,0.118,0.625,0.252
2026-02,fanduel,P_SOG,70,4908,0.099,0.633,0.237
2026-03,fanduel,P_SOG,235,14537,0.146,0.659,0.212
2026-04,fanduel,P_SOG,162,9425,0.139,0.664,0.166
2026-05,fanduel,P_SOG,34,3025,0.192,0.562,0.194
2026-06,fanduel,P_SOG,5,380,0.074,0.411,0.297
2026-09,fanduel,P_SOG,2,212,0.189,0.566,0.191
2025-02,pinnacle,P_SOG,100,2716,0.09,0.029,1.0
2025-03,pinnacle,P_SOG,225,6174,0.058,0.018,1.0
2025-04,pinnacle,P_SOG,171,5068,0.115,0.028,1.0
2025-05,pinnacle,P_SOG,37,1392,0.043,0.02,1.0
2025-06,pinnacle,P_SOG,5,220,0.027,0.018,1.0
2025-10,pinnacle,P_SOG,174,4986,0.051,0.029,1.0
2025-11,pinnacle,P_SOG,203,5886,0.052,0.027,1.0
2025-12,pinnacle,P_SOG,127,3674,0.037,0.023,1.0
2026-01,pinnacle,P_SOG,217,6214,0.032,0.025,1.0
2026-02,pinnacle,P_SOG,70,2186,0.064,0.042,1.0
2026-03,pinnacle,P_SOG,235,7334,0.039,0.04,1.0
2026-04,pinnacle,P_SOG,164,5128,0.107,0.042,0.996
2026-05,pinnacle,P_SOG,33,1524,0.129,0.047,0.969
2026-06,pinnacle,P_SOG,5,290,0.414,0.021,0.895
2026-09,pinnacle,P_SOG,2,58,0.0,0.0,1.0
2024-10,draftkings,TEAM_TOTAL,14,104,0.0,0.462,1.0
2024-11,draftkings,TEAM_TOTAL,14,143,0.0,0.608,0.986
2024-12,draftkings,TEAM_TOTAL,11,79,0.0,0.443,0.975
2025-01,draftkings,TEAM_TOTAL,23,174,0.0,0.471,1.0
2025-02,draftkings,TEAM_TOTAL,100,2400,0.001,0.833,1.0
2025-03,draftkings,TEAM_TOTAL,225,5400,0.0,0.833,1.0
2025-04,draftkings,TEAM_TOTAL,169,4054,0.0,0.833,1.0
2025-05,draftkings,TEAM_TOTAL,38,912,0.0,0.833,1.0
2025-06,draftkings,TEAM_TOTAL,5,120,0.0,0.833,1.0
2025-10,draftkings,TEAM_TOTAL,175,4200,0.0,0.833,1.0
2025-11,draftkings,TEAM_TOTAL,203,4872,0.002,0.833,1.0
2025-12,draftkings,TEAM_TOTAL,200,4800,0.0,0.833,1.0
2026-01,draftkings,TEAM_TOTAL,217,5206,0.0,0.833,1.0
2026-02,draftkings,TEAM_TOTAL,70,1680,0.0,0.833,1.0
2026-03,draftkings,TEAM_TOTAL,235,5640,0.001,0.833,1.0
2026-04,draftkings,TEAM_TOTAL,164,3928,0.001,0.833,1.0
2026-05,draftkings,TEAM_TOTAL,34,816,0.0,0.833,1.0
2026-06,draftkings,TEAM_TOTAL,5,120,0.0,0.833,1.0
2026-09,draftkings,TEAM_TOTAL,2,48,0.0,0.833,1.0
2024-10,fanduel,TEAM_TOTAL,110,439,0.0,0.0,0.995
2024-11,fanduel,TEAM_TOTAL,135,540,0.0,0.0,1.0
2024-12,fanduel,TEAM_TOTAL,130,520,0.0,0.0,1.0
2025-01,fanduel,TEAM_TOTAL,142,568,0.0,0.0,1.0
2025-02,fanduel,TEAM_TOTAL,100,1222,0.011,0.673,1.0
2025-03,fanduel,TEAM_TOTAL,225,2700,0.012,0.667,1.0
2025-04,fanduel,TEAM_TOTAL,169,2087,0.011,0.676,0.995
2025-05,fanduel,TEAM_TOTAL,38,462,0.0,0.671,1.0
2025-06,fanduel,TEAM_TOTAL,5,62,0.0,0.677,1.0
2025-10,fanduel,TEAM_TOTAL,175,2192,0.009,0.681,1.0
2025-11,fanduel,TEAM_TOTAL,203,2518,0.008,0.678,1.0
2025-12,fanduel,TEAM_TOTAL,200,2496,0.01,0.679,1.0
2026-01,fanduel,TEAM_TOTAL,217,4548,0.009,0.809,0.963
2026-02,fanduel,TEAM_TOTAL,70,2165,0.004,0.871,0.963
2026-03,fanduel,TEAM_TOTAL,235,7278,0.005,0.871,0.959
2026-04,fanduel,TEAM_TOTAL,160,4959,0.012,0.871,0.96
2026-05,fanduel,TEAM_TOTAL,34,1055,0.006,0.871,0.954
2026-06,fanduel,TEAM_TOTAL,5,157,0.032,0.873,0.987
2026-09,fanduel,TEAM_TOTAL,2,63,0.0,0.873,0.969
2025-02,pinnacle,TEAM_TOTAL,100,1260,0.005,0.683,1.0
2025-03,pinnacle,TEAM_TOTAL,225,2856,0.006,0.685,1.0
2025-04,pinnacle,TEAM_TOTAL,171,2236,0.009,0.694,1.0
2025-05,pinnacle,TEAM_TOTAL,38,490,0.0,0.69,1.0
2025-06,pinnacle,TEAM_TOTAL,5,64,0.0,0.688,1.0
2025-10,pinnacle,TEAM_TOTAL,174,2260,0.005,0.692,1.0
2025-11,pinnacle,TEAM_TOTAL,203,2588,0.004,0.686,1.0
2025-12,pinnacle,TEAM_TOTAL,163,2054,0.012,0.683,1.0
2026-01,pinnacle,TEAM_TOTAL,217,2714,0.006,0.68,1.0
2026-02,pinnacle,TEAM_TOTAL,70,894,0.018,0.687,1.0
2026-03,pinnacle,TEAM_TOTAL,235,3032,0.004,0.69,1.0
2026-04,pinnacle,TEAM_TOTAL,164,2164,0.012,0.697,1.0
2026-05,pinnacle,TEAM_TOTAL,34,452,0.018,0.699,1.0
2026-06,pinnacle,TEAM_TOTAL,5,56,0.0,0.643,1.0
2026-09,pinnacle,TEAM_TOTAL,2,20,0.0,0.6,1.0
2024-10,draftkings,TOTAL,120,256,0.0,0.063,1.0
2024-11,draftkings,TOTAL,146,310,0.0,0.058,1.0
2024-12,draftkings,TOTAL,97,212,0.0,0.085,1.0
2025-01,draftkings,TOTAL,64,178,0.0,0.281,1.0
2025-02,draftkings,TOTAL,100,1976,0.009,0.899,1.0
2025-03,draftkings,TOTAL,225,4454,0.008,0.899,1.0
2025-04,draftkings,TOTAL,171,3396,0.01,0.899,1.0
2025-05,draftkings,TOTAL,38,762,0.021,0.9,1.0
2025-06,draftkings,TOTAL,5,104,0.019,0.904,1.0
2025-10,draftkings,TOTAL,175,2576,0.0,0.864,1.0
2025-11,draftkings,TOTAL,203,2984,0.001,0.864,1.0
2025-12,draftkings,TOTAL,200,2896,0.0,0.862,1.0
2026-01,draftkings,TOTAL,217,3154,0.0,0.862,1.0
2026-02,draftkings,TOTAL,70,1034,0.0,0.865,1.0
2026-03,draftkings,TOTAL,235,3396,0.0,0.862,1.0
2026-04,draftkings,TOTAL,164,2410,0.0,0.864,1.0
2026-05,draftkings,TOTAL,34,504,0.0,0.865,1.0
2026-06,draftkings,TOTAL,5,72,0.0,0.861,1.0
2026-09,draftkings,TOTAL,2,32,0.0,0.875,1.0
2024-10,fanduel,TOTAL,105,636,0.0,0.67,0.728
2024-11,fanduel,TOTAL,135,821,0.0,0.674,0.703
2024-12,fanduel,TOTAL,134,767,0.0,0.652,0.704
2025-01,fanduel,TOTAL,138,733,0.0,0.625,0.709
2025-02,fanduel,TOTAL,100,1632,0.002,0.877,1.0
2025-03,fanduel,TOTAL,225,3677,0.004,0.878,0.999
2025-04,fanduel,TOTAL,171,2782,0.003,0.877,1.0
2025-05,fanduel,TOTAL,38,648,0.005,0.883,0.964
2025-06,fanduel,TOTAL,5,105,0.0,0.905,0.909
2025-10,fanduel,TOTAL,175,3747,0.009,0.907,0.952
2025-11,fanduel,TOTAL,203,4376,0.01,0.907,0.957
2025-12,fanduel,TOTAL,200,4277,0.009,0.906,0.955
2026-01,fanduel,TOTAL,217,4679,0.005,0.907,0.965
2026-02,fanduel,TOTAL,70,1505,0.007,0.907,0.96
2026-03,fanduel,TOTAL,235,5071,0.005,0.907,0.957
2026-04,fanduel,TOTAL,164,3499,0.009,0.906,0.962
2026-05,fanduel,TOTAL,34,731,0.0,0.907,0.96
2026-06,fanduel,TOTAL,5,130,0.008,0.923,0.97
2026-09,fanduel,TOTAL,2,70,0.014,0.943,1.0
2024-10,pinnacle,TOTAL,111,222,0.0,0.0,1.0
2024-11,pinnacle,TOTAL,134,268,0.0,0.0,1.0
2024-12,pinnacle,TOTAL,141,282,0.0,0.0,1.0
2025-01,pinnacle,TOTAL,144,288,0.0,0.0,1.0
2025-02,pinnacle,TOTAL,100,1976,0.032,0.899,1.0
2025-03,pinnacle,TOTAL,225,4692,0.019,0.904,1.0
2025-04,pinnacle,TOTAL,171,3668,0.015,0.907,1.0
2025-05,pinnacle,TOTAL,38,842,0.012,0.91,1.0
2025-06,pinnacle,TOTAL,5,112,0.0,0.911,1.0
2025-10,pinnacle,TOTAL,175,3782,0.014,0.907,1.0
2025-11,pinnacle,TOTAL,203,4416,0.014,0.908,1.0
2025-12,pinnacle,TOTAL,200,3852,0.015,0.896,1.0
2026-01,pinnacle,TOTAL,217,4612,0.017,0.906,1.0
2026-02,pinnacle,TOTAL,70,1532,0.023,0.909,1.0
2026-03,pinnacle,TOTAL,235,5082,0.012,0.908,1.0
2026-04,pinnacle,TOTAL,164,3588,0.014,0.909,1.0
2026-05,pinnacle,TOTAL,34,740,0.024,0.908,1.0
2026-06,pinnacle,TOTAL,5,104,0.038,0.904,1.0
2026-09,pinnacle,TOTAL,2,38,0.053,0.895,1.0
