ym,events,mapped,reg,playoff
2024-09,58,0,0.0,0.0
2024-10,184,148,148.0,0.0
2024-11,181,181,181.0,0.0
2024-12,177,177,177.0,0.0
2025-01,193,191,191.0,0.0
2025-02,101,100,100.0,0.0
2025-03,225,225,225.0,0.0
2025-04,172,171,132.0,39.0
2025-05,54,38,0.0,38.0
2025-06,10,5,0.0,5.0
2025-09,70,0,0.0,0.0
2025-10,207,175,175.0,0.0
2025-11,203,203,203.0,0.0
2025-12,200,200,200.0,0.0
2026-01,218,217,217.0,0.0
2026-02,70,70,70.0,0.0
2026-03,235,235,235.0,0.0
2026-04,169,164,126.0,38.0
2026-05,48,34,0.0,34.0
2026-06,9,5,0.0,5.0
2026-09,63,2,2.0,0.0
