ym,fam,contracts,has_close_book,has_close_fair,has_open_book
2024-10,G_SAVES,534,0.0,0.0,0.0
2024-11,G_SAVES,658,0.0,0.0,0.0
2024-12,G_SAVES,612,0.0,0.0,0.0
2025-01,G_SAVES,626,0.0,0.0,0.0
2025-02,G_SAVES,408,1.0,1.0,0.0
2025-03,G_SAVES,922,1.0,1.0,0.0
2025-04,G_SAVES,686,1.0,1.0,0.0
2025-05,G_SAVES,154,1.0,1.0,0.0
2025-06,G_SAVES,20,1.0,1.0,0.0
2025-10,G_SAVES,783,1.0,1.0,0.0
2025-11,G_SAVES,840,1.0,1.0,0.0
2025-12,G_SAVES,789,1.0,1.0,0.0
2026-01,G_SAVES,830,1.0,1.0,0.514
2026-02,G_SAVES,274,1.0,1.0,1.0
2026-03,G_SAVES,938,1.0,1.0,1.0
2026-04,G_SAVES,614,1.0,1.0,1.0
2026-05,G_SAVES,142,1.0,1.0,1.0
2026-06,G_SAVES,22,1.0,1.0,1.0
2026-09,G_SAVES,8,1.0,1.0,1.0
2024-10,ML,296,0.0,0.0,0.0
2024-11,ML,362,0.0,0.0,0.0
2024-12,ML,354,0.0,0.0,0.0
2025-01,ML,382,0.0,0.0,0.0
2025-02,ML,200,1.0,1.0,0.0
2025-03,ML,450,1.0,1.0,0.0
2025-04,ML,342,1.0,1.0,0.0
2025-05,ML,76,1.0,1.0,0.0
2025-06,ML,10,1.0,1.0,0.0
2025-10,ML,350,1.0,1.0,0.0
2025-11,ML,406,1.0,1.0,0.0
2025-12,ML,400,1.0,1.0,0.0
2026-01,ML,434,1.0,1.0,0.488
2026-02,ML,140,1.0,1.0,1.0
2026-03,ML,470,1.0,1.0,1.0
2026-04,ML,328,1.0,1.0,1.0
2026-05,ML,68,1.0,1.0,1.0
2026-06,ML,10,1.0,1.0,1.0
2026-09,ML,4,1.0,1.0,1.0
2024-10,OTHER,23720,0.0,0.0,0.0
2024-11,OTHER,29066,0.0,0.0,0.0
2024-12,OTHER,28398,0.0,0.0,0.0
2025-01,OTHER,30842,0.0,0.0,0.0
2025-02,OTHER,15122,1.0,0.632,0.0
2025-03,OTHER,37721,1.0,0.76,0.0
2025-04,OTHER,29639,1.0,0.751,0.0
2025-05,OTHER,7874,1.0,0.778,0.0
2025-06,OTHER,1070,1.0,0.57,0.0
2025-10,OTHER,25323,1.0,0.363,0.0
2025-11,OTHER,30796,1.0,0.381,0.0
2025-12,OTHER,29817,1.0,0.367,0.0
2026-01,OTHER,32418,1.0,0.379,0.48
2026-02,OTHER,10802,1.0,0.399,1.0
2026-03,OTHER,31259,1.0,0.412,1.0
2026-04,OTHER,22435,0.999,0.463,0.999
2026-05,OTHER,7657,1.0,0.73,1.0
2026-06,OTHER,1610,1.0,0.768,1.0
2026-09,OTHER,378,1.0,0.525,1.0
2024-10,PL,296,0.0,0.0,0.0
2024-11,PL,362,0.0,0.0,0.0
2024-12,PL,354,0.0,0.0,0.0
2025-01,PL,382,0.0,0.0,0.0
2025-02,PL,200,1.0,1.0,0.0
2025-03,PL,450,1.0,1.0,0.0
2025-04,PL,342,1.0,1.0,0.0
2025-05,PL,76,1.0,1.0,0.0
2025-06,PL,10,1.0,1.0,0.0
2025-10,PL,350,1.0,1.0,0.0
2025-11,PL,406,1.0,1.0,0.0
2025-12,PL,400,1.0,1.0,0.0
2026-01,PL,434,1.0,1.0,0.482
2026-02,PL,140,1.0,1.0,1.0
2026-03,PL,470,1.0,1.0,1.0
2026-04,PL,328,1.0,1.0,1.0
2026-05,PL,68,1.0,1.0,1.0
2026-06,PL,10,1.0,1.0,1.0
2026-09,PL,4,1.0,1.0,1.0
2024-10,P_AST,4028,0.0,0.0,0.0
2024-11,P_AST,4910,0.0,0.0,0.0
2024-12,P_AST,4648,0.0,0.0,0.0
2025-01,P_AST,5398,0.0,0.0,0.0
2025-02,P_AST,3352,1.0,0.999,0.0
2025-03,P_AST,7507,1.0,1.0,0.0
2025-04,P_AST,5775,1.0,1.0,0.0
2025-05,P_AST,1726,1.0,1.0,0.0
2025-06,P_AST,290,1.0,1.0,0.0
2025-10,P_AST,5798,1.0,1.0,0.0
2025-11,P_AST,6788,1.0,1.0,0.0
2025-12,P_AST,6608,0.992,1.0,0.0
2026-01,P_AST,7418,0.999,1.0,0.486
2026-02,P_AST,2585,1.0,1.0,1.0
2026-03,P_AST,8263,1.0,1.0,1.0
2026-04,P_AST,7772,1.0,1.0,1.0
2026-05,P_AST,3484,1.0,1.0,1.0
2026-06,P_AST,614,1.0,1.0,1.0
2026-09,P_AST,198,1.0,0.999,1.0
2024-10,P_GOALS,18810,0.0,0.0,0.0
2024-11,P_GOALS,22980,0.0,0.0,0.0
2024-12,P_GOALS,22538,0.0,0.0,0.0
2025-01,P_GOALS,24146,0.0,0.0,0.0
2025-02,P_GOALS,11768,0.996,0.979,0.0
2025-03,P_GOALS,26627,0.997,0.981,0.0
2025-04,P_GOALS,20658,0.998,0.975,0.0
2025-05,P_GOALS,4644,0.998,0.976,0.0
2025-06,P_GOALS,611,1.0,0.956,0.0
2025-10,P_GOALS,21726,0.993,0.943,0.0
2025-11,P_GOALS,24840,0.989,0.94,0.0
2025-12,P_GOALS,24375,0.978,0.94,0.0
2026-01,P_GOALS,25829,0.991,0.94,0.483
2026-02,P_GOALS,8514,1.0,0.949,1.0
2026-03,P_GOALS,26877,1.0,0.953,1.0
2026-04,P_GOALS,19122,1.0,0.966,1.0
2026-05,P_GOALS,4746,1.0,0.994,1.0
2026-06,P_GOALS,754,1.0,0.998,1.0
2026-09,P_GOALS,314,1.0,0.997,1.0
2024-10,P_PTS,4076,0.0,0.0,0.0
2024-11,P_PTS,5550,0.0,0.0,0.0
2024-12,P_PTS,5262,0.0,0.0,0.0
2025-01,P_PTS,5796,0.0,0.0,0.0
2025-02,P_PTS,3617,1.0,0.994,0.0
2025-03,P_PTS,8034,1.0,0.996,0.0
2025-04,P_PTS,6218,1.0,0.995,0.0
2025-05,P_PTS,1849,1.0,0.994,0.0
2025-06,P_PTS,354,1.0,0.973,0.0
2025-10,P_PTS,6187,1.0,0.996,0.0
2025-11,P_PTS,7263,1.0,0.996,0.0
2025-12,P_PTS,7241,0.992,0.998,0.0
2026-01,P_PTS,7972,0.998,0.999,0.484
2026-02,P_PTS,2761,1.0,0.999,1.0
2026-03,P_PTS,8743,1.0,0.999,1.0
2026-04,P_PTS,8431,1.0,0.999,1.0
2026-05,P_PTS,3534,1.0,1.0,1.0
2026-06,P_PTS,602,1.0,1.0,1.0
2026-09,P_PTS,244,1.0,1.0,1.0
2024-10,P_SOG,4066,0.0,0.0,0.0
2024-11,P_SOG,4728,0.0,0.0,0.0
2024-12,P_SOG,4472,0.0,0.0,0.0
2025-01,P_SOG,4716,0.0,0.0,0.0
2025-02,P_SOG,2912,1.0,1.0,0.0
2025-03,P_SOG,6578,1.0,1.0,0.0
2025-04,P_SOG,5507,1.0,1.0,0.0
2025-05,P_SOG,1524,1.0,1.0,0.0
2025-06,P_SOG,222,1.0,1.0,0.0
2025-10,P_SOG,5961,1.0,1.0,0.0
2025-11,P_SOG,6216,1.0,1.0,0.0
2025-12,P_SOG,6042,1.0,1.0,0.0
2026-01,P_SOG,6694,1.0,1.0,0.482
2026-02,P_SOG,2281,1.0,1.0,1.0
2026-03,P_SOG,7429,1.0,1.0,1.0
2026-04,P_SOG,6182,1.0,1.0,1.0
2026-05,P_SOG,2679,1.0,1.0,1.0
2026-06,P_SOG,501,1.0,1.0,1.0
2026-09,P_SOG,172,1.0,1.0,1.0
2024-10,TEAM_TOTAL,592,0.0,0.0,0.0
2024-11,TEAM_TOTAL,724,0.0,0.0,0.0
2024-12,TEAM_TOTAL,708,0.0,0.0,0.0
2025-01,TEAM_TOTAL,764,0.0,0.0,0.0
2025-02,TEAM_TOTAL,400,1.0,1.0,0.0
2025-03,TEAM_TOTAL,900,1.0,1.0,0.0
2025-04,TEAM_TOTAL,684,1.0,1.0,0.0
2025-05,TEAM_TOTAL,152,1.0,1.0,0.0
2025-06,TEAM_TOTAL,20,1.0,1.0,0.0
2025-10,TEAM_TOTAL,700,1.0,1.0,0.0
2025-11,TEAM_TOTAL,812,1.0,1.0,0.0
2025-12,TEAM_TOTAL,800,1.0,1.0,0.0
2026-01,TEAM_TOTAL,868,1.0,1.0,0.549
2026-02,TEAM_TOTAL,280,1.0,1.0,1.0
2026-03,TEAM_TOTAL,940,1.0,1.0,1.0
2026-04,TEAM_TOTAL,656,1.0,1.0,1.0
2026-05,TEAM_TOTAL,136,1.0,1.0,1.0
2026-06,TEAM_TOTAL,20,1.0,1.0,1.0
2026-09,TEAM_TOTAL,8,1.0,1.0,1.0
2024-10,TOTAL,296,0.0,0.0,0.0
2024-11,TOTAL,362,0.0,0.0,0.0
2024-12,TOTAL,354,0.0,0.0,0.0
2025-01,TOTAL,382,0.0,0.0,0.0
2025-02,TOTAL,200,1.0,1.0,0.0
2025-03,TOTAL,450,1.0,1.0,0.0
2025-04,TOTAL,342,1.0,1.0,0.0
2025-05,TOTAL,76,1.0,1.0,0.0
2025-06,TOTAL,10,1.0,1.0,0.0
2025-10,TOTAL,350,1.0,1.0,0.0
2025-11,TOTAL,406,1.0,1.0,0.0
2025-12,TOTAL,400,1.0,1.0,0.0
2026-01,TOTAL,434,1.0,1.0,0.483
2026-02,TOTAL,140,1.0,1.0,1.0
2026-03,TOTAL,470,1.0,1.0,1.0
2026-04,TOTAL,328,1.0,1.0,1.0
2026-05,TOTAL,68,1.0,1.0,1.0
2026-06,TOTAL,10,1.0,1.0,1.0
2026-09,TOTAL,4,1.0,1.0,1.0
