stat,month,book,side,win,dec,edge,pnl
assists,2026-03,draftkings,over,1.0,2.26,0.038644762234963825,1.2599999999999998
assists,2026-03,draftkings,under,1.0,1.617283950617284,0.03268189985538783,0.617283950617284
assists,2026-04,draftkings,over,1.0,2.1399999999999997,0.03587648077967559,1.1399999999999997
assists,2026-04,draftkings,under,0.0,1.3846153846153846,0.06679095890466635,-1.0
assists,2026-04,draftkings,under,1.0,1.5714285714285714,0.03336771933716587,0.5714285714285714
goals+assists,2026-01,draftkings,over,0.0,1.7692307692307692,0.04403708475116708,-1.0
goals+assists,2026-01,draftkings,over,1.0,1.617283950617284,0.034155349526493683,0.617283950617284
goals+assists,2026-01,draftkings,over,0.0,1.5050505050505052,0.07619919572496947,-1.0
goals+assists,2026-01,draftkings,over,0.0,1.6493506493506493,0.032822256527291205,-1.0
goals+assists,2026-01,draftkings,over,1.0,1.7692307692307692,0.04379564159854099,0.7692307692307692
goals+assists,2026-01,draftkings,over,1.0,1.4444444444444444,0.05350647963576405,0.4444444444444444
goals+assists,2026-01,draftkings,over,1.0,1.5952380952380953,0.04331107460098216,0.5952380952380953
goals+assists,2026-01,draftkings,over,1.0,1.4166666666666667,0.057694920802248806,0.41666666666666674
goals+assists,2026-01,draftkings,over,1.0,1.5319148936170213,0.030482405433158166,0.5319148936170213
goals+assists,2026-01,draftkings,over,0.0,1.4273504273504274,0.04070776305951129,-1.0
goals+assists,2026-01,draftkings,over,1.0,1.5319148936170213,0.03553686759091246,0.5319148936170213
goals+assists,2026-01,draftkings,over,0.0,1.7692307692307692,0.037800899676345034,-1.0
goals+assists,2026-01,draftkings,over,1.0,1.9523809523809523,0.03910017248085096,0.9523809523809523
goals+assists,2026-01,draftkings,over,1.0,1.6493506493506493,0.05130709550124124,0.6493506493506493
goals+assists,2026-01,draftkings,over,1.0,1.5050505050505052,0.03560997365845431,0.5050505050505052
goals+assists,2026-01,draftkings,over,0.0,1.4273504273504274,0.0477374237687066,-1.0
goals+assists,2026-01,draftkings,over,1.0,1.617283950617284,0.03947129364781299,0.617283950617284
goals+assists,2026-01,draftkings,over,0.0,1.5319148936170213,0.044313831548228766,-1.0
goals+assists,2026-01,draftkings,over,1.0,1.4716981132075473,0.0400457619460608,0.4716981132075473
goals+assists,2026-01,draftkings,over,1.0,1.5714285714285714,0.03662897046233482,0.5714285714285714
goals+assists,2026-01,draftkings,over,1.0,1.4901960784313726,0.04188657265456963,0.4901960784313726
goals+assists,2026-01,draftkings,over,0.0,1.7407407407407407,0.037128954357245725,-1.0
goals+assists,2026-01,draftkings,over,1.0,2.0,0.03996668796198222,1.0
goals+assists,2026-01,draftkings,over,1.0,1.5494505494505495,0.038037782089878736,0.5494505494505495
goals+assists,2026-01,draftkings,over,0.0,1.7407407407407407,0.03278414527995943,-1.0
goals+assists,2026-01,draftkings,over,0.0,1.4716981132075473,0.05289903251883066,-1.0
goals+assists,2026-01,draftkings,over,0.0,1.4273504273504274,0.04904581071580738,-1.0
goals+assists,2026-01,draftkings,over,1.0,1.4901960784313726,0.045833866579526594,0.4901960784313726
goals+assists,2026-01,draftkings,over,1.0,1.5050505050505052,0.03562416428542703,0.5050505050505052
goals+assists,2026-01,draftkings,over,0.0,1.617283950617284,0.032556983982246934,-1.0
goals+assists,2026-01,draftkings,over,0.0,1.4166666666666667,0.03272686206649511,-1.0
goals+assists,2026-01,draftkings,over,1.0,1.5050505050505052,0.0392296353940661,0.5050505050505052
goals+assists,2026-01,draftkings,over,1.0,1.5714285714285714,0.03703953737872279,0.5714285714285714
goals+assists,2026-01,draftkings,over,0.0,1.5494505494505495,0.03157171995059138,-1.0
goals+assists,2026-01,draftkings,over,1.0,1.4444444444444444,0.043765035332062774,0.4444444444444444
goals+assists,2026-01,draftkings,over,0.0,1.5319148936170213,0.034364428587268736,-1.0
goals+assists,2026-01,draftkings,over,1.0,1.5714285714285714,0.04850607730876688,0.5714285714285714
goals+assists,2026-01,draftkings,over,1.0,1.4444444444444444,0.039769960874660226,0.4444444444444444
goals+assists,2026-01,draftkings,over,1.0,1.4444444444444444,0.041747544980863416,0.4444444444444444
goals+assists,2026-01,draftkings,over,1.0,1.403225806451613,0.04918748925961969,0.403225806451613
goals+assists,2026-01,draftkings,over,1.0,1.4587155963302751,0.03755294819164634,0.45871559633027514
goals+assists,2026-01,draftkings,over,1.0,1.392156862745098,0.03606039644787851,0.392156862745098
goals+assists,2026-01,draftkings,over,0.0,1.4901960784313726,0.03966768158948841,-1.0
goals+assists,2026-01,draftkings,over,1.0,1.704225352112676,0.03551412419719724,0.704225352112676
goals+assists,2026-01,draftkings,over,1.0,1.4901960784313726,0.031579885737188285,0.4901960784313726
goals+assists,2026-01,draftkings,over,1.0,1.4444444444444444,0.04115873882383858,0.4444444444444444
goals+assists,2026-01,draftkings,over,1.0,1.4716981132075473,0.04923165735591273,0.4716981132075473
goals+assists,2026-01,draftkings,over,0.0,1.4901960784313726,0.04167833260661147,-1.0
goals+assists,2026-01,draftkings,over,0.0,1.6493506493506493,0.030601082261680235,-1.0
goals+assists,2026-01,draftkings,over,0.0,1.5050505050505052,0.03798623397749279,-1.0
goals+assists,2026-01,draftkings,over,0.0,1.4587155963302751,0.03828079477094215,-1.0
goals+assists,2026-01,draftkings,over,0.0,1.4166666666666667,0.04846834525832311,-1.0
goals+assists,2026-01,draftkings,over,1.0,1.8,0.04578208160249264,0.8
goals+assists,2026-01,draftkings,over,1.0,1.5050505050505052,0.03483782542453184,0.5050505050505052
goals+assists,2026-01,draftkings,over,0.0,1.5050505050505052,0.03471563065031702,-1.0
goals+assists,2026-01,draftkings,over,0.0,1.5714285714285714,0.03337513027190431,-1.0
goals+assists,2026-01,draftkings,over,0.0,1.5714285714285714,0.03848631062826424,-1.0
goals+assists,2026-01,draftkings,over,1.0,1.617283950617284,0.03395721151748066,0.617283950617284
goals+assists,2026-01,draftkings,over,1.0,1.5319148936170213,0.049280071748958765,0.5319148936170213
goals+assists,2026-01,draftkings,over,1.0,1.4716981132075473,0.03131361204206706,0.4716981132075473
goals+assists,2026-01,draftkings,over,1.0,1.4716981132075473,0.036070374485522416,0.4716981132075473
goals+assists,2026-01,draftkings,over,1.0,1.7692307692307692,0.03192929037402037,0.7692307692307692
goals+assists,2026-01,draftkings,over,0.0,1.4716981132075473,0.033648287245634734,-1.0
goals+assists,2026-01,draftkings,over,0.0,1.4166666666666667,0.03503512910872919,-1.0
goals+assists,2026-01,draftkings,over,1.0,1.5714285714285714,0.061705565292072384,0.5714285714285714
goals+assists,2026-01,draftkings,over,1.0,1.4166666666666667,0.041299956213460276,0.41666666666666674
goals+assists,2026-01,draftkings,over,1.0,1.6756756756756757,0.032364957530078065,0.6756756756756757
goals+assists,2026-01,draftkings,over,1.0,1.4166666666666667,0.04516598282823958,0.41666666666666674
goals+assists,2026-01,draftkings,over,0.0,2.2,0.03413789373912096,-1.0
goals+assists,2026-01,draftkings,over,1.0,1.6493506493506493,0.03256672663534055,0.6493506493506493
goals+assists,2026-01,draftkings,over,0.0,1.8,0.03211100305671288,-1.0
goals+assists,2026-01,draftkings,over,1.0,1.5952380952380953,0.03412300404806856,0.5952380952380953
goals+assists,2026-01,draftkings,over,1.0,1.5952380952380953,0.061658185634909324,0.5952380952380953
goals+assists,2026-01,draftkings,over,1.0,1.6493506493506493,0.030724420205605618,0.6493506493506493
goals+assists,2026-01,draftkings,over,1.0,1.403225806451613,0.05131748880478004,0.403225806451613
goals+assists,2026-01,draftkings,over,1.0,1.8333333333333335,0.03541495875449041,0.8333333333333335
goals+assists,2026-01,draftkings,over,1.0,1.4444444444444444,0.037393532591431855,0.4444444444444444
goals+assists,2026-01,draftkings,over,0.0,1.403225806451613,0.0351214534942943,-1.0
goals+assists,2026-01,draftkings,over,1.0,1.7407407407407407,0.048933183770190625,0.7407407407407407
goals+assists,2026-01,draftkings,over,0.0,1.4716981132075473,0.031239698903497648,-1.0
goals+assists,2026-01,draftkings,over,1.0,1.4716981132075473,0.03490717884890271,0.4716981132075473
goals+assists,2026-01,draftkings,over,1.0,1.4901960784313726,0.0367470792380713,0.4901960784313726
goals+assists,2026-01,draftkings,over,0.0,1.5050505050505052,0.03132264673089691,-1.0
goals+assists,2026-01,draftkings,over,1.0,1.7692307692307692,0.037530280299791774,0.7692307692307692
goals+assists,2026-01,draftkings,over,0.0,1.4716981132075473,0.03542213968435182,-1.0
goals+assists,2026-01,draftkings,over,0.0,2.1,0.03750435154988707,-1.0
goals+assists,2026-01,draftkings,over,1.0,1.704225352112676,0.034284107476240555,0.704225352112676
goals+assists,2026-01,draftkings,over,1.0,1.4444444444444444,0.03298837205277094,0.4444444444444444
goals+assists,2026-01,draftkings,over,1.0,1.403225806451613,0.0409994174943723,0.403225806451613
goals+assists,2026-01,draftkings,over,1.0,1.6756756756756757,0.04334150535433212,0.6756756756756757
goals+assists,2026-01,draftkings,over,1.0,1.617283950617284,0.03515811128348478,0.617283950617284
goals+assists,2026-01,draftkings,over,1.0,1.5494505494505495,0.043208812474116454,0.5494505494505495
goals+assists,2026-01,draftkings,over,0.0,1.5050505050505052,0.03546550611249455,-1.0
goals+assists,2026-01,draftkings,over,0.0,2.15,0.046093418346777104,-1.0
goals+assists,2026-01,draftkings,over,1.0,1.4273504273504274,0.04092609171991968,0.4273504273504274
goals+assists,2026-01,draftkings,over,0.0,2.05,0.040997109746593874,-1.0
goals+assists,2026-01,draftkings,over,0.0,1.9523809523809523,0.03152681121786394,-1.0
goals+assists,2026-01,draftkings,over,1.0,1.5050505050505052,0.05010460384465709,0.5050505050505052
goals+assists,2026-01,draftkings,over,1.0,1.9523809523809523,0.038956068027559465,0.9523809523809523
goals+assists,2026-01,draftkings,over,1.0,1.4444444444444444,0.03761137778640822,0.4444444444444444
goals+assists,2026-01,draftkings,over,1.0,1.4166666666666667,0.03660595276853629,0.41666666666666674
goals+assists,2026-01,draftkings,over,1.0,1.5494505494505495,0.03435458551422155,0.5494505494505495
goals+assists,2026-01,draftkings,over,1.0,1.9523809523809523,0.03212697442929868,0.9523809523809523
goals+assists,2026-01,draftkings,over,1.0,1.5714285714285714,0.04097952449017439,0.5714285714285714
goals+assists,2026-01,draftkings,over,1.0,1.5714285714285714,0.04947675500025106,0.5714285714285714
goals+assists,2026-01,draftkings,over,1.0,1.6756756756756757,0.043083787820923036,0.6756756756756757
goals+assists,2026-01,draftkings,over,1.0,1.4716981132075473,0.04397507250143573,0.4716981132075473
goals+assists,2026-01,draftkings,over,0.0,1.6493506493506493,0.04246610538564466,-1.0
goals+assists,2026-01,draftkings,over,0.0,1.7692307692307692,0.03338208655556707,-1.0
goals+assists,2026-01,draftkings,over,0.0,1.4587155963302751,0.04019071350034498,-1.0
goals+assists,2026-01,draftkings,over,0.0,2.05,0.035031858995864806,-1.0
goals+assists,2026-01,draftkings,over,0.0,1.4166666666666667,0.04144900922776329,-1.0
goals+assists,2026-01,draftkings,over,0.0,1.4901960784313726,0.030839318135849503,-1.0
goals+assists,2026-01,draftkings,over,1.0,1.7407407407407407,0.04216640535122107,0.7407407407407407
goals+assists,2026-01,draftkings,over,1.0,1.5319148936170213,0.039499636925333204,0.5319148936170213
goals+assists,2026-01,draftkings,over,1.0,1.4444444444444444,0.0450812402705707,0.4444444444444444
goals+assists,2026-01,draftkings,over,0.0,1.5952380952380953,0.041929224959462275,-1.0
goals+assists,2026-01,draftkings,over,1.0,1.5319148936170213,0.03041736623665403,0.5319148936170213
goals+assists,2026-01,draftkings,over,0.0,2.26,0.07857082286488937,-1.0
goals+assists,2026-01,draftkings,over,1.0,1.704225352112676,0.037618899213858525,0.704225352112676
goals+assists,2026-01,draftkings,over,0.0,1.4901960784313726,0.03917887275151011,-1.0
goals+assists,2026-01,draftkings,over,1.0,1.5050505050505052,0.045748249810860564,0.5050505050505052
goals+assists,2026-01,draftkings,over,0.0,2.3,0.04447754130831827,-1.0
goals+assists,2026-01,draftkings,over,1.0,1.403225806451613,0.03799173188731042,0.403225806451613
goals+assists,2026-01,draftkings,over,0.0,1.5494505494505495,0.032021084449300075,-1.0
goals+assists,2026-01,draftkings,over,0.0,1.4273504273504274,0.048797055282789215,-1.0
goals+assists,2026-01,draftkings,over,1.0,1.5050505050505052,0.03482178896183352,0.5050505050505052
goals+assists,2026-01,draftkings,over,0.0,1.4716981132075473,0.03117311639761433,-1.0
goals+assists,2026-01,draftkings,over,0.0,1.4587155963302751,0.034619794138775695,-1.0
goals+assists,2026-01,draftkings,over,0.0,2.05,0.03528964348827157,-1.0
goals+assists,2026-01,draftkings,over,0.0,1.4716981132075473,0.0496447855642439,-1.0
goals+assists,2026-01,draftkings,over,1.0,1.4587155963302751,0.04170898293523484,0.45871559633027514
goals+assists,2026-01,draftkings,over,0.0,1.6756756756756757,0.03342013871934446,-1.0
goals+assists,2026-01,draftkings,over,0.0,1.5050505050505052,0.049218650629708205,-1.0
goals+assists,2026-01,draftkings,over,0.0,1.4273504273504274,0.039184474710643014,-1.0
goals+assists,2026-01,draftkings,over,1.0,1.7407407407407407,0.03747847328153109,0.7407407407407407
goals+assists,2026-01,draftkings,over,0.0,1.4587155963302751,0.042931604845452664,-1.0
goals+assists,2026-01,draftkings,over,0.0,1.5494505494505495,0.037300782697187285,-1.0
goals+assists,2026-01,draftkings,over,0.0,1.704225352112676,0.038611049447558665,-1.0
goals+assists,2026-01,draftkings,over,0.0,1.4587155963302751,0.04626998042410402,-1.0
goals+assists,2026-01,draftkings,over,1.0,1.5952380952380953,0.030557806347956795,0.5952380952380953
goals+assists,2026-02,draftkings,over,1.0,1.7407407407407407,0.03477906561000588,0.7407407407407407
goals+assists,2026-02,draftkings,over,1.0,2.35,0.03547359621525853,1.35
goals+assists,2026-02,draftkings,over,1.0,1.4901960784313726,0.03535100004471392,0.4901960784313726
goals+assists,2026-02,draftkings,over,0.0,1.617283950617284,0.036013045090809714,-1.0
goals+assists,2026-02,draftkings,over,1.0,1.6756756756756757,0.03160250650075658,0.6756756756756757
goals+assists,2026-02,draftkings,over,0.0,1.4273504273504274,0.03244531698191255,-1.0
goals+assists,2026-02,draftkings,over,1.0,1.4273504273504274,0.04186519220786977,0.4273504273504274
goals+assists,2026-02,draftkings,over,1.0,1.5050505050505052,0.048481940450791905,0.5050505050505052
goals+assists,2026-02,draftkings,over,1.0,1.5494505494505495,0.04291089548424554,0.5494505494505495
goals+assists,2026-02,draftkings,over,0.0,1.4716981132075473,0.031656991056264294,-1.0
goals+assists,2026-02,draftkings,over,1.0,1.617283950617284,0.05492589048627816,0.617283950617284
goals+assists,2026-02,draftkings,over,1.0,1.8,0.036268160904187496,0.8
goals+assists,2026-02,draftkings,over,1.0,1.5319148936170213,0.034419581034124014,0.5319148936170213
goals+assists,2026-02,draftkings,over,0.0,1.617283950617284,0.037531077594626705,-1.0
goals+assists,2026-02,draftkings,over,1.0,1.5714285714285714,0.032214491911670806,0.5714285714285714
goals+assists,2026-02,draftkings,over,0.0,1.5050505050505052,0.03889348212820132,-1.0
goals+assists,2026-02,draftkings,over,1.0,1.4444444444444444,0.030397811087069626,0.4444444444444444
goals+assists,2026-02,draftkings,over,1.0,1.5952380952380953,0.0324511590178711,0.5952380952380953
goals+assists,2026-02,draftkings,over,1.0,1.704225352112676,0.03150635150879766,0.704225352112676
goals+assists,2026-02,draftkings,over,1.0,1.4273504273504274,0.034752839079178366,0.4273504273504274
goals+assists,2026-02,draftkings,over,1.0,1.5319148936170213,0.03564109747246136,0.5319148936170213
goals+assists,2026-02,draftkings,over,1.0,1.617283950617284,0.03144705428400052,0.617283950617284
goals+assists,2026-02,draftkings,over,1.0,1.5714285714285714,0.032941588299790436,0.5714285714285714
goals+assists,2026-02,draftkings,over,1.0,2.35,0.03141896489661722,1.35
goals+assists,2026-02,draftkings,over,1.0,1.403225806451613,0.030992822796172326,0.403225806451613
goals+assists,2026-02,draftkings,over,0.0,1.5494505494505495,0.04670905088420718,-1.0
goals+assists,2026-02,draftkings,over,0.0,1.6756756756756757,0.031048792027657868,-1.0
goals+assists,2026-02,draftkings,over,1.0,1.4901960784313726,0.031056693252062728,0.4901960784313726
goals+assists,2026-02,draftkings,over,1.0,1.4273504273504274,0.03544164965544394,0.4273504273504274
goals+assists,2026-02,draftkings,over,1.0,1.4587155963302751,0.03027172793073951,0.45871559633027514
goals+assists,2026-02,draftkings,over,0.0,1.5714285714285714,0.037492546979199126,-1.0
goals+assists,2026-02,draftkings,over,0.0,1.4716981132075473,0.046590176902475466,-1.0
goals+assists,2026-02,draftkings,over,1.0,1.5319148936170213,0.04022408146568324,0.5319148936170213
goals+assists,2026-02,draftkings,over,0.0,1.7407407407407407,0.030056255869817528,-1.0
goals+assists,2026-02,draftkings,over,0.0,1.4273504273504274,0.04710022460634,-1.0
goals+assists,2026-02,draftkings,over,1.0,1.6493506493506493,0.0332594664151078,0.6493506493506493
goals+assists,2026-02,draftkings,over,1.0,1.4444444444444444,0.038587465700162804,0.4444444444444444
goals+assists,2026-02,draftkings,over,1.0,1.5050505050505052,0.03779988728095929,0.5050505050505052
goals+assists,2026-02,draftkings,over,1.0,1.4901960784313726,0.03693728666007012,0.4901960784313726
goals+assists,2026-02,draftkings,over,1.0,1.6756756756756757,0.034556956626738744,0.6756756756756757
goals+assists,2026-02,draftkings,over,0.0,1.4901960784313726,0.04092865254423872,-1.0
goals+assists,2026-02,draftkings,over,0.0,2.35,0.05466996130522017,-1.0
goals+assists,2026-02,draftkings,over,1.0,1.5319148936170213,0.05121513916323128,0.5319148936170213
goals+assists,2026-02,draftkings,over,1.0,1.5714285714285714,0.03181608671742897,0.5714285714285714
goals+assists,2026-02,draftkings,over,1.0,1.4273504273504274,0.030241665786425065,0.4273504273504274
goals+assists,2026-02,draftkings,over,1.0,1.403225806451613,0.036276544397880084,0.403225806451613
goals+assists,2026-02,draftkings,over,0.0,1.8333333333333335,0.037048599720514,-1.0
goals+assists,2026-02,draftkings,over,0.0,1.5714285714285714,0.033466394202863015,-1.0
goals+assists,2026-02,draftkings,over,0.0,1.403225806451613,0.04262325116869292,-1.0
goals+assists,2026-02,draftkings,over,1.0,1.8333333333333335,0.03951235101304229,0.8333333333333335
goals+assists,2026-02,draftkings,over,1.0,1.4716981132075473,0.04236150723585008,0.4716981132075473
goals+assists,2026-02,draftkings,over,1.0,1.4901960784313726,0.03991483294601261,0.4901960784313726
goals+assists,2026-02,draftkings,under,1.0,1.7692307692307692,0.030293561794982327,0.7692307692307692
goals+assists,2026-02,draftkings,under,0.0,1.3508771929824561,0.037157543156954076,-1.0
goals+assists,2026-03,draftkings,over,1.0,1.4901960784313726,0.04049385184678023,0.4901960784313726
goals+assists,2026-03,draftkings,over,1.0,1.6493506493506493,0.03578701167504206,0.6493506493506493
goals+assists,2026-03,draftkings,over,0.0,1.5319148936170213,0.04029790332440142,-1.0
goals+assists,2026-03,draftkings,over,0.0,1.4716981132075473,0.03534125175163727,-1.0
goals+assists,2026-03,draftkings,over,1.0,1.5319148936170213,0.03977545194054033,0.5319148936170213
goals+assists,2026-03,draftkings,over,1.0,1.617283950617284,0.03497518194470273,0.617283950617284
goals+assists,2026-03,draftkings,over,1.0,1.4587155963302751,0.03422070400909483,0.45871559633027514
goals+assists,2026-03,draftkings,over,0.0,1.4444444444444444,0.03704164298785706,-1.0
goals+assists,2026-03,draftkings,over,0.0,1.7407407407407407,0.034343095765050013,-1.0
goals+assists,2026-03,draftkings,over,0.0,1.5050505050505052,0.04080171016421219,-1.0
goals+assists,2026-03,draftkings,over,1.0,1.5050505050505052,0.032611111885577304,0.5050505050505052
goals+assists,2026-03,draftkings,over,0.0,1.4587155963302751,0.03364025031735096,-1.0
goals+assists,2026-03,draftkings,over,0.0,1.8,0.036181294475140846,-1.0
goals+assists,2026-03,draftkings,over,0.0,1.4444444444444444,0.03314122721113422,-1.0
goals+assists,2026-03,draftkings,over,0.0,1.4716981132075473,0.031076948436793317,-1.0
goals+assists,2026-03,draftkings,over,1.0,1.6493506493506493,0.038009824487300614,0.6493506493506493
goals+assists,2026-03,draftkings,over,1.0,1.704225352112676,0.030981081574645297,0.704225352112676
goals+assists,2026-03,draftkings,over,1.0,1.5714285714285714,0.04980434315603521,0.5714285714285714
goals+assists,2026-03,draftkings,over,1.0,1.5494505494505495,0.03177501232170821,0.5494505494505495
goals+assists,2026-03,draftkings,over,1.0,1.4444444444444444,0.04421088470352219,0.4444444444444444
goals+assists,2026-03,draftkings,over,0.0,1.6493506493506493,0.0318466031522614,-1.0
goals+assists,2026-03,draftkings,over,0.0,1.5494505494505495,0.03320386803307329,-1.0
goals+assists,2026-03,draftkings,over,1.0,1.5714285714285714,0.03433795645190296,0.5714285714285714
goals+assists,2026-03,draftkings,over,1.0,1.8695652173913042,0.04158455349688128,0.8695652173913042
goals+assists,2026-03,draftkings,over,1.0,1.5714285714285714,0.036581703084254014,0.5714285714285714
goals+assists,2026-03,draftkings,over,1.0,1.4444444444444444,0.030947415233129383,0.4444444444444444
goals+assists,2026-03,draftkings,over,1.0,1.4716981132075473,0.04503692569794937,0.4716981132075473
goals+assists,2026-03,draftkings,over,0.0,1.5952380952380953,0.03752875151013613,-1.0
goals+assists,2026-03,draftkings,over,0.0,1.7692307692307692,0.030469567450726043,-1.0
goals+assists,2026-03,draftkings,over,1.0,1.617283950617284,0.03075348814895773,0.617283950617284
goals+assists,2026-03,draftkings,over,0.0,1.8,0.032162531646097836,-1.0
goals+assists,2026-03,draftkings,over,1.0,2.35,0.036922968542268175,1.35
goals+assists,2026-03,draftkings,over,0.0,1.6756756756756757,0.03387509222680907,-1.0
goals+assists,2026-03,draftkings,over,0.0,1.617283950617284,0.03400277138849217,-1.0
goals+assists,2026-03,draftkings,over,1.0,1.5494505494505495,0.036404489487840475,0.5494505494505495
goals+assists,2026-03,draftkings,over,1.0,1.403225806451613,0.03325736771405319,0.403225806451613
goals+assists,2026-03,draftkings,over,1.0,1.4166666666666667,0.050951050733511694,0.41666666666666674
goals+assists,2026-03,draftkings,over,0.0,1.5952380952380953,0.03898786153212441,-1.0
goals+assists,2026-03,draftkings,over,1.0,1.6756756756756757,0.04548965600714694,0.6756756756756757
goals+assists,2026-03,draftkings,over,1.0,1.5494505494505495,0.038498784764056326,0.5494505494505495
goals+assists,2026-03,draftkings,over,1.0,1.5050505050505052,0.03073030860371384,0.5050505050505052
goals+assists,2026-03,draftkings,over,0.0,1.617283950617284,0.030774274840030924,-1.0
goals+assists,2026-03,draftkings,over,0.0,1.5050505050505052,0.03051682546694312,-1.0
goals+assists,2026-03,draftkings,over,1.0,1.4901960784313726,0.053314472034696525,0.4901960784313726
goals+assists,2026-03,draftkings,over,1.0,1.4166666666666667,0.05033284129632987,0.41666666666666674
goals+assists,2026-03,draftkings,over,1.0,1.4716981132075473,0.03592526826377107,0.4716981132075473
goals+assists,2026-03,draftkings,over,0.0,1.5319148936170213,0.037932486400456766,-1.0
goals+assists,2026-03,draftkings,over,1.0,1.4444444444444444,0.033504928006905854,0.4444444444444444
goals+assists,2026-03,draftkings,over,1.0,1.6493506493506493,0.04348058529894061,0.6493506493506493
goals+assists,2026-03,draftkings,over,1.0,1.5952380952380953,0.030459180298529454,0.5952380952380953
goals+assists,2026-03,draftkings,over,1.0,1.4444444444444444,0.03760307017308018,0.4444444444444444
goals+assists,2026-03,draftkings,over,1.0,1.6493506493506493,0.03285685750599532,0.6493506493506493
goals+assists,2026-03,draftkings,over,0.0,1.403225806451613,0.030090839158553817,-1.0
goals+assists,2026-03,draftkings,over,1.0,2.65,0.030199437881874014,1.65
goals+assists,2026-03,draftkings,over,1.0,1.4901960784313726,0.03614335657299583,0.4901960784313726
goals+assists,2026-03,draftkings,over,0.0,2.35,0.03581198800187435,-1.0
goals+assists,2026-03,draftkings,over,1.0,2.3,0.04290597013782638,1.2999999999999998
goals+assists,2026-03,draftkings,over,1.0,1.4444444444444444,0.031143723842988025,0.4444444444444444
goals+assists,2026-03,draftkings,over,1.0,1.6756756756756757,0.037812689446865555,0.6756756756756757
goals+assists,2026-03,draftkings,over,1.0,1.4273504273504274,0.03707856087681127,0.4273504273504274
goals+assists,2026-03,draftkings,over,1.0,1.5494505494505495,0.049376596505038894,0.5494505494505495
goals+assists,2026-03,draftkings,over,1.0,1.4444444444444444,0.032280204727519135,0.4444444444444444
goals+assists,2026-03,draftkings,over,1.0,1.4716981132075473,0.04384218735871026,0.4716981132075473
goals+assists,2026-03,draftkings,over,0.0,1.704225352112676,0.03519605124514691,-1.0
goals+assists,2026-03,draftkings,over,1.0,2.0,0.037598759654913216,1.0
goals+assists,2026-03,draftkings,over,1.0,1.5714285714285714,0.038413823697979965,0.5714285714285714
goals+assists,2026-03,draftkings,over,0.0,1.6493506493506493,0.0508448487230162,-1.0
goals+assists,2026-03,draftkings,over,1.0,1.4587155963302751,0.032357406525440724,0.45871559633027514
goals+assists,2026-03,draftkings,over,0.0,1.6756756756756757,0.031040035008267464,-1.0
goals+assists,2026-03,draftkings,over,1.0,1.4901960784313726,0.03906461544955864,0.4901960784313726
goals+assists,2026-03,draftkings,over,1.0,1.403225806451613,0.04122318885124754,0.403225806451613
goals+assists,2026-03,draftkings,over,1.0,1.4273504273504274,0.034128113434715224,0.4273504273504274
goals+assists,2026-03,draftkings,over,1.0,2.05,0.031205214633512335,1.0499999999999998
goals+assists,2026-03,draftkings,over,1.0,1.403225806451613,0.032654757299207526,0.403225806451613
goals+assists,2026-03,draftkings,over,0.0,2.3,0.03961705098858731,-1.0
goals+assists,2026-03,draftkings,over,1.0,1.4273504273504274,0.03305486640867783,0.4273504273504274
goals+assists,2026-03,draftkings,over,1.0,1.5319148936170213,0.047681386436517204,0.5319148936170213
goals+assists,2026-03,draftkings,over,0.0,1.4444444444444444,0.0324029921717881,-1.0
goals+assists,2026-03,draftkings,over,0.0,1.4444444444444444,0.036587140745151236,-1.0
goals+assists,2026-03,draftkings,over,0.0,1.6756756756756757,0.04306106160867462,-1.0
goals+assists,2026-03,draftkings,over,0.0,1.403225806451613,0.03934788703515302,-1.0
goals+assists,2026-03,draftkings,over,0.0,1.7692307692307692,0.047263032879847566,-1.0
goals+assists,2026-03,draftkings,over,0.0,1.6756756756756757,0.03405284155799637,-1.0
goals+assists,2026-03,draftkings,over,0.0,1.4273504273504274,0.033585980880033395,-1.0
goals+assists,2026-03,draftkings,over,0.0,1.4166666666666667,0.031946675638920174,-1.0
goals+assists,2026-03,draftkings,over,0.0,2.2,0.03061683254423936,-1.0
goals+assists,2026-03,draftkings,over,1.0,1.6493506493506493,0.03048744471095377,0.6493506493506493
goals+assists,2026-03,draftkings,over,0.0,1.5050505050505052,0.039991692554995906,-1.0
goals+assists,2026-03,draftkings,over,1.0,1.4166666666666667,0.031042608912350556,0.41666666666666674
goals+assists,2026-03,draftkings,over,0.0,1.4716981132075473,0.03316204685832502,-1.0
goals+assists,2026-03,draftkings,over,0.0,1.5952380952380953,0.032497192096100025,-1.0
goals+assists,2026-03,draftkings,over,1.0,1.6493506493506493,0.03348346206310682,0.6493506493506493
goals+assists,2026-03,draftkings,over,1.0,1.5319148936170213,0.03214713199107844,0.5319148936170213
goals+assists,2026-03,draftkings,over,1.0,1.5050505050505052,0.04638435123905782,0.5050505050505052
goals+assists,2026-03,draftkings,over,0.0,2.05,0.047728812262401,-1.0
goals+assists,2026-03,draftkings,over,1.0,1.4273504273504274,0.031847498963157306,0.4273504273504274
goals+assists,2026-03,draftkings,over,1.0,1.4444444444444444,0.036614073981632855,0.4444444444444444
goals+assists,2026-03,draftkings,over,0.0,1.9090909090909092,0.03786331984001845,-1.0
goals+assists,2026-03,draftkings,over,1.0,1.403225806451613,0.03652969354734115,0.403225806451613
goals+assists,2026-03,draftkings,over,1.0,1.4166666666666667,0.03544629756392992,0.41666666666666674
goals+assists,2026-03,draftkings,over,1.0,1.4901960784313726,0.03249475433017324,0.4901960784313726
goals+assists,2026-03,draftkings,over,0.0,1.4166666666666667,0.03148527474227403,-1.0
goals+assists,2026-03,draftkings,over,1.0,1.4273504273504274,0.03337752450423914,0.4273504273504274
goals+assists,2026-03,draftkings,over,1.0,1.7407407407407407,0.03050477522936701,0.7407407407407407
goals+assists,2026-03,draftkings,over,0.0,1.4273504273504274,0.03660728643878941,-1.0
goals+assists,2026-03,draftkings,over,1.0,1.5952380952380953,0.03859647698405011,0.5952380952380953
goals+assists,2026-03,draftkings,over,0.0,1.6493506493506493,0.030241959770068383,-1.0
goals+assists,2026-03,draftkings,over,1.0,1.5319148936170213,0.03171087957265184,0.5319148936170213
goals+assists,2026-03,draftkings,over,0.0,1.403225806451613,0.031696449332078824,-1.0
goals+assists,2026-03,draftkings,over,1.0,1.4273504273504274,0.04616842852675984,0.4273504273504274
goals+assists,2026-03,draftkings,over,1.0,1.5319148936170213,0.030981858545879093,0.5319148936170213
goals+assists,2026-03,draftkings,over,1.0,1.5952380952380953,0.030223453973536207,0.5952380952380953
goals+assists,2026-03,draftkings,over,1.0,1.5494505494505495,0.0342897033724765,0.5494505494505495
goals+assists,2026-03,draftkings,over,1.0,1.5714285714285714,0.039983853276015835,0.5714285714285714
goals+assists,2026-03,draftkings,over,0.0,1.704225352112676,0.03633900864708761,-1.0
goals+assists,2026-03,draftkings,over,0.0,1.4587155963302751,0.03409433240077153,-1.0
goals+assists,2026-03,draftkings,over,1.0,1.403225806451613,0.03221464585048539,0.403225806451613
goals+assists,2026-03,draftkings,over,0.0,1.5050505050505052,0.03701945837037268,-1.0
goals+assists,2026-03,draftkings,over,1.0,1.6493506493506493,0.03989208441382752,0.6493506493506493
goals+assists,2026-03,draftkings,over,0.0,1.5050505050505052,0.036219120509472624,-1.0
goals+assists,2026-03,draftkings,over,1.0,1.4901960784313726,0.032097944314770754,0.4901960784313726
goals+assists,2026-03,draftkings,over,1.0,1.4716981132075473,0.044337957755939295,0.4716981132075473
goals+assists,2026-03,draftkings,over,1.0,1.8695652173913042,0.0336197128212129,0.8695652173913042
goals+assists,2026-03,draftkings,over,1.0,1.403225806451613,0.044389496754303925,0.403225806451613
goals+assists,2026-03,draftkings,over,1.0,2.05,0.10046920992587105,1.0499999999999998
goals+assists,2026-03,draftkings,over,1.0,1.4273504273504274,0.055593115164699114,0.4273504273504274
goals+assists,2026-03,draftkings,over,1.0,1.5319148936170213,0.04585913993815505,0.5319148936170213
goals+assists,2026-03,draftkings,over,0.0,1.403225806451613,0.03181765408907489,-1.0
goals+assists,2026-03,draftkings,over,0.0,1.7407407407407407,0.030028088241366713,-1.0
goals+assists,2026-03,draftkings,over,1.0,1.5319148936170213,0.036116790763295104,0.5319148936170213
goals+assists,2026-03,draftkings,over,1.0,1.403225806451613,0.04580525603763885,0.403225806451613
goals+assists,2026-03,draftkings,over,0.0,1.5319148936170213,0.030357660057978686,-1.0
goals+assists,2026-04,draftkings,over,0.0,1.6896551724137931,0.04030528925401489,-1.0
goals+assists,2026-04,draftkings,over,1.0,1.5,0.03297040886718783,0.5
goals+assists,2026-04,draftkings,over,0.0,1.8695652173913042,0.036704935786953774,-1.0
goals+assists,2026-04,draftkings,over,0.0,1.7142857142857144,0.03347647011361632,-1.0
goals+assists,2026-04,draftkings,over,1.0,1.704225352112676,0.038588933942776626,0.704225352112676
goals+assists,2026-04,draftkings,over,0.0,2.1399999999999997,0.05138138999814562,-1.0
goals+assists,2026-04,draftkings,over,1.0,1.4761904761904763,0.047243501292050905,0.4761904761904763
goals+assists,2026-04,draftkings,over,1.0,1.7407407407407407,0.03712298204795417,0.7407407407407407
goals+assists,2026-04,draftkings,over,1.0,1.8,0.03680658183007868,0.8
goals+assists,2026-04,draftkings,over,1.0,1.5128205128205128,0.03198572345972184,0.5128205128205128
goals+assists,2026-04,draftkings,over,1.0,2.1399999999999997,0.037959509385347145,1.1399999999999997
goals+assists,2026-04,draftkings,over,1.0,2.05,0.04228932091102622,1.0499999999999998
goals+assists,2026-04,draftkings,over,1.0,2.0,0.041188786888372575,1.0
goals+assists,2026-04,draftkings,over,0.0,1.5128205128205128,0.03662126899174467,-1.0
goals+assists,2026-04,draftkings,over,0.0,2.0,0.03223736744400463,-1.0
goals+assists,2026-04,draftkings,over,1.0,1.7692307692307692,0.03489019037406693,0.7692307692307692
goals+assists,2026-04,draftkings,over,1.0,1.7692307692307692,0.03561567451761749,0.7692307692307692
goals+assists,2026-04,draftkings,over,1.0,1.9523809523809523,0.03162928755986927,0.9523809523809523
goals+assists,2026-04,draftkings,over,0.0,1.4651162790697674,0.048428769356963164,-1.0
goals+assists,2026-04,draftkings,over,1.0,1.5128205128205128,0.030188277728732005,0.5128205128205128
goals+assists,2026-04,draftkings,over,1.0,1.6493506493506493,0.035080664722642374,0.6493506493506493
goals+assists,2026-04,draftkings,over,0.0,1.4651162790697674,0.03206276124473861,-1.0
goals+assists,2026-04,draftkings,over,0.0,1.4201680672268908,0.03525517534386402,-1.0
goals+assists,2026-04,draftkings,over,0.0,1.4761904761904763,0.033232384439296214,-1.0
goals+assists,2026-04,draftkings,over,0.0,1.5,0.032997898139612514,-1.0
goals+assists,2026-04,draftkings,over,1.0,1.4651162790697674,0.035295658537456864,0.4651162790697674
goals+assists,2026-04,draftkings,over,1.0,2.24,0.09943691582314634,1.2400000000000002
goals+assists,2026-04,draftkings,over,0.0,1.9090909090909092,0.030206100123828072,-1.0
goals+assists,2026-04,draftkings,under,0.0,1.5,0.07248003137210446,-1.0
goals+assists,2026-04,draftkings,under,1.0,1.4201680672268908,0.1331965994172899,0.4201680672268908
goals+assists,2026-04,draftkings,under,1.0,2.0,0.03171331855422843,1.0
points,2026-04,fanduel,over,0.0,3.3,0.03232388015747695,-1.0
points,2026-04,fanduel,over,0.0,2.95,0.04019075511906678,-1.0
points,2026-04,fanduel,under,1.0,1.9090909090909092,0.0322178205063165,0.9090909090909092
shots_onGoal,2026-01,draftkings,under,0.0,2.5,0.03865165795575598,-1.0
shots_onGoal,2026-01,draftkings,under,0.0,2.2,0.037281785313564686,-1.0
shots_onGoal,2026-01,draftkings,under,1.0,2.2,0.031911692098807676,1.2000000000000002
shots_onGoal,2026-01,draftkings,under,0.0,2.05,0.036208678645049064,-1.0
shots_onGoal,2026-01,draftkings,under,0.0,1.5952380952380953,0.042532629742000116,-1.0
shots_onGoal,2026-01,draftkings,under,1.0,2.15,0.03020561911864511,1.15
shots_onGoal,2026-01,draftkings,under,0.0,2.35,0.030754258470969187,-1.0
shots_onGoal,2026-01,draftkings,under,1.0,1.704225352112676,0.032515161937525905,0.704225352112676
shots_onGoal,2026-01,draftkings,under,0.0,1.6493506493506493,0.03904407923738218,-1.0
shots_onGoal,2026-01,draftkings,under,1.0,1.9523809523809523,0.03263873868248646,0.9523809523809523
shots_onGoal,2026-01,draftkings,under,1.0,1.9090909090909092,0.031661546907848837,0.9090909090909092
shots_onGoal,2026-01,draftkings,under,0.0,2.4,0.030746430843621775,-1.0
shots_onGoal,2026-01,draftkings,under,1.0,2.15,0.03704499826813129,1.15
shots_onGoal,2026-01,draftkings,under,0.0,2.2,0.030545263112049914,-1.0
shots_onGoal,2026-01,draftkings,under,0.0,2.4,0.03205351757005165,-1.0
shots_onGoal,2026-01,draftkings,under,0.0,2.45,0.031052895686344062,-1.0
shots_onGoal,2026-01,draftkings,under,0.0,1.8333333333333335,0.030804604094105903,-1.0
shots_onGoal,2026-01,draftkings,under,0.0,2.2,0.035825396290671774,-1.0
shots_onGoal,2026-01,draftkings,under,1.0,2.2,0.03780662092685555,1.2000000000000002
shots_onGoal,2026-01,draftkings,under,0.0,2.35,0.033920773349758127,-1.0
shots_onGoal,2026-01,draftkings,under,0.0,2.5,0.03286742630664874,-1.0
shots_onGoal,2026-01,draftkings,under,1.0,2.5,0.035645122999587,1.5
shots_onGoal,2026-01,draftkings,under,0.0,2.26,0.034542511941835996,-1.0
shots_onGoal,2026-01,fanduel,under,0.0,1.8333333333333335,0.0596414940822938,-1.0
shots_onGoal,2026-01,fanduel,under,1.0,2.1,0.0423376305479074,1.1
shots_onGoal,2026-01,fanduel,under,0.0,2.54,0.030327487908566375,-1.0
shots_onGoal,2026-01,fanduel,under,1.0,2.2199999999999998,0.04531920939470507,1.2199999999999998
shots_onGoal,2026-01,fanduel,under,0.0,1.9803921568627452,0.0549717903719944,-1.0
shots_onGoal,2026-01,fanduel,under,1.0,1.7692307692307692,0.03381568636422316,0.7692307692307692
shots_onGoal,2026-01,fanduel,under,0.0,1.7575757575757576,0.0408918328431519,-1.0
shots_onGoal,2026-01,fanduel,under,1.0,2.58,0.0534252712445652,1.58
shots_onGoal,2026-01,fanduel,under,1.0,2.08,0.041897578146012526,1.08
shots_onGoal,2026-01,fanduel,under,1.0,2.08,0.053454455933250655,1.08
shots_onGoal,2026-01,fanduel,under,0.0,1.7692307692307692,0.04106220280932982,-1.0
shots_onGoal,2026-01,fanduel,under,0.0,2.3,0.04346882074252484,-1.0
shots_onGoal,2026-01,fanduel,under,0.0,1.641025641025641,0.04007390748663431,-1.0
shots_onGoal,2026-01,fanduel,under,1.0,1.8695652173913042,0.0410727590336003,0.8695652173913042
shots_onGoal,2026-01,fanduel,under,1.0,2.2800000000000002,0.056725406960342395,1.2800000000000002
shots_onGoal,2026-01,fanduel,under,1.0,2.0,0.035568379299409925,1.0
shots_onGoal,2026-01,fanduel,under,0.0,1.8771929824561404,0.058884008595086135,-1.0
shots_onGoal,2026-01,fanduel,under,0.0,1.7407407407407407,0.04374531741754828,-1.0
shots_onGoal,2026-01,fanduel,under,0.0,2.12,0.031080466262993323,-1.0
shots_onGoal,2026-01,fanduel,under,1.0,1.9090909090909092,0.031661546907848837,0.9090909090909092
shots_onGoal,2026-01,fanduel,under,0.0,2.5,0.05950332868550767,-1.0
shots_onGoal,2026-01,fanduel,under,1.0,1.819672131147541,0.03941026461024466,0.819672131147541
shots_onGoal,2026-01,fanduel,under,1.0,2.12,0.033783099959993845,1.12
shots_onGoal,2026-01,fanduel,under,1.0,1.9803921568627452,0.035860942737748536,0.9803921568627452
shots_onGoal,2026-01,fanduel,under,1.0,2.08,0.0467781394880698,1.08
shots_onGoal,2026-01,fanduel,under,1.0,1.9090909090909092,0.041841769281166896,0.9090909090909092
shots_onGoal,2026-01,fanduel,under,1.0,1.7575757575757576,0.030488716686790762,0.7575757575757576
shots_onGoal,2026-01,fanduel,under,1.0,2.12,0.03046316413035155,1.12
shots_onGoal,2026-01,fanduel,under,0.0,1.5952380952380953,0.04386796734017451,-1.0
shots_onGoal,2026-01,fanduel,under,0.0,1.78125,0.035711668331056434,-1.0
shots_onGoal,2026-01,fanduel,under,0.0,2.2,0.030545263112049914,-1.0
shots_onGoal,2026-01,fanduel,under,0.0,1.8695652173913042,0.036275366377445994,-1.0
shots_onGoal,2026-01,fanduel,under,0.0,2.54,0.05501939683514351,-1.0
shots_onGoal,2026-01,fanduel,under,0.0,2.08,0.05443418310143239,-1.0
shots_onGoal,2026-01,fanduel,under,1.0,1.6944444444444444,0.036825405421212265,0.6944444444444444
shots_onGoal,2026-01,fanduel,under,1.0,2.2,0.040856098188771284,1.2000000000000002
shots_onGoal,2026-01,fanduel,under,1.0,2.1,0.039775394969948974,1.1
shots_onGoal,2026-01,fanduel,under,0.0,1.8771929824561404,0.04354886917481959,-1.0
shots_onGoal,2026-01,fanduel,under,0.0,2.1799999999999997,0.03165525450585105,-1.0
shots_onGoal,2026-01,fanduel,under,1.0,2.46,0.041559107057184796,1.46
shots_onGoal,2026-01,fanduel,under,0.0,2.1399999999999997,0.03121039122273722,-1.0
shots_onGoal,2026-01,fanduel,under,1.0,1.9090909090909092,0.036002859658397335,0.9090909090909092
shots_onGoal,2026-01,fanduel,under,1.0,1.606060606060606,0.04599562523227407,0.606060606060606
shots_onGoal,2026-01,fanduel,under,0.0,1.8695652173913042,0.04687469543198741,-1.0
shots_onGoal,2026-01,fanduel,under,1.0,2.46,0.038142445912231815,1.46
shots_onGoal,2026-01,fanduel,under,1.0,1.9615384615384617,0.03576853747107833,0.9615384615384617
shots_onGoal,2026-01,fanduel,under,0.0,2.1,0.032243709421679756,-1.0
shots_onGoal,2026-01,fanduel,under,0.0,2.2,0.04019310456103592,-1.0
shots_onGoal,2026-01,fanduel,under,0.0,1.8333333333333335,0.03154426851801251,-1.0
shots_onGoal,2026-01,fanduel,under,0.0,1.8695652173913042,0.03127790505446604,-1.0
shots_onGoal,2026-01,fanduel,under,1.0,1.8695652173913042,0.052747561240292895,0.8695652173913042
shots_onGoal,2026-01,fanduel,under,0.0,2.0,0.03977127352337306,-1.0
shots_onGoal,2026-01,fanduel,under,0.0,2.3200000000000003,0.03541664895468177,-1.0
shots_onGoal,2026-01,fanduel,under,0.0,2.2800000000000002,0.03842389681996056,-1.0
shots_onGoal,2026-02,draftkings,under,1.0,2.15,0.03131330871803356,1.15
shots_onGoal,2026-02,draftkings,under,0.0,2.2,0.058714944043810224,-1.0
shots_onGoal,2026-02,draftkings,under,0.0,2.3,0.03673443336629495,-1.0
shots_onGoal,2026-02,draftkings,under,0.0,2.1,0.04501673981686294,-1.0
shots_onGoal,2026-02,draftkings,under,1.0,2.2,0.030885379186463113,1.2000000000000002
shots_onGoal,2026-02,draftkings,under,1.0,2.26,0.030673400923129535,1.2599999999999998
shots_onGoal,2026-02,draftkings,under,0.0,2.4,0.037865072364080155,-1.0
shots_onGoal,2026-02,fanduel,under,1.0,2.12,0.04487851711821944,1.12
shots_onGoal,2026-02,fanduel,under,0.0,2.3,0.03673443336629495,-1.0
shots_onGoal,2026-02,fanduel,under,0.0,2.12,0.03611228136516542,-1.0
shots_onGoal,2026-02,fanduel,under,0.0,2.08,0.04825992564937859,-1.0
shots_onGoal,2026-02,fanduel,under,0.0,2.08,0.04043798523810832,-1.0
shots_onGoal,2026-02,fanduel,under,1.0,1.847457627118644,0.033157356605578614,0.847457627118644
shots_onGoal,2026-02,fanduel,under,1.0,1.925925925925926,0.04113160288320494,0.925925925925926
shots_onGoal,2026-02,fanduel,under,1.0,1.8695652173913042,0.03320929113806104,0.8695652173913042
shots_onGoal,2026-02,fanduel,under,0.0,2.1399999999999997,0.03705473831465339,-1.0
shots_onGoal,2026-02,fanduel,under,0.0,1.6756756756756757,0.03596717857843601,-1.0
shots_onGoal,2026-02,fanduel,under,0.0,2.46,0.03631991039450133,-1.0
shots_onGoal,2026-02,fanduel,under,1.0,2.2,0.05140089967223732,1.2000000000000002
shots_onGoal,2026-02,fanduel,under,0.0,1.6849315068493151,0.05427777723471694,-1.0
shots_onGoal,2026-03,draftkings,under,1.0,2.26,0.03775729207708389,1.2599999999999998
shots_onGoal,2026-03,draftkings,under,1.0,1.704225352112676,0.03720279784115843,0.704225352112676
shots_onGoal,2026-03,draftkings,under,1.0,1.9090909090909092,0.034721554675500865,0.9090909090909092
shots_onGoal,2026-03,draftkings,under,0.0,1.8,0.030213281941309456,-1.0
shots_onGoal,2026-03,draftkings,under,1.0,2.2,0.04345609303884329,1.2000000000000002
shots_onGoal,2026-03,draftkings,under,0.0,2.05,0.041299945889768486,-1.0
shots_onGoal,2026-03,draftkings,under,0.0,1.7692307692307692,0.04100613652888241,-1.0
shots_onGoal,2026-03,draftkings,under,0.0,1.8695652173913042,0.04783990898724244,-1.0
shots_onGoal,2026-03,draftkings,under,1.0,1.7692307692307692,0.0348256848158196,0.7692307692307692
shots_onGoal,2026-03,draftkings,under,0.0,1.617283950617284,0.0375843817179875,-1.0
shots_onGoal,2026-03,draftkings,under,0.0,2.05,0.033274783228586235,-1.0
shots_onGoal,2026-03,draftkings,under,1.0,1.6493506493506493,0.03986051003545943,0.6493506493506493
shots_onGoal,2026-03,draftkings,under,0.0,2.4,0.03194224785232763,-1.0
shots_onGoal,2026-03,draftkings,under,0.0,2.2,0.0394238548066605,-1.0
shots_onGoal,2026-03,draftkings,under,1.0,2.15,0.03234499859140755,1.15
shots_onGoal,2026-03,draftkings,under,0.0,2.1,0.03051803577808776,-1.0
shots_onGoal,2026-03,draftkings,under,1.0,2.26,0.03724847995363667,1.2599999999999998
shots_onGoal,2026-03,draftkings,under,1.0,1.6756756756756757,0.030947855795143364,0.6756756756756757
shots_onGoal,2026-03,draftkings,under,0.0,2.15,0.03124473741099093,-1.0
shots_onGoal,2026-03,draftkings,under,1.0,2.1,0.03198676262604083,1.1
shots_onGoal,2026-03,draftkings,under,0.0,1.9523809523809523,0.04302704177429284,-1.0
shots_onGoal,2026-03,draftkings,under,1.0,2.1,0.03129375952037616,1.1
shots_onGoal,2026-03,draftkings,under,1.0,1.7692307692307692,0.03478516326093495,0.7692307692307692
shots_onGoal,2026-03,draftkings,under,1.0,1.7407407407407407,0.04465070527497761,0.7407407407407407
shots_onGoal,2026-03,draftkings,under,1.0,2.15,0.038689706017563885,1.15
shots_onGoal,2026-03,draftkings,under,1.0,1.9523809523809523,0.03245992119802754,0.9523809523809523
shots_onGoal,2026-03,fanduel,under,0.0,2.02,0.030504736159466583,-1.0
shots_onGoal,2026-03,fanduel,under,1.0,2.34,0.052884740832851274,1.3399999999999999
shots_onGoal,2026-03,fanduel,under,1.0,2.26,0.03040250586514459,1.2599999999999998
shots_onGoal,2026-03,fanduel,under,0.0,2.46,0.031837337087586404,-1.0
shots_onGoal,2026-03,fanduel,under,0.0,2.26,0.048348222233144944,-1.0
shots_onGoal,2026-03,fanduel,under,1.0,2.2,0.032098461922721866,1.2000000000000002
shots_onGoal,2026-03,fanduel,under,0.0,2.2199999999999998,0.03440777383792365,-1.0
shots_onGoal,2026-03,fanduel,under,0.0,1.9433962264150944,0.04131387266040154,-1.0
shots_onGoal,2026-03,fanduel,under,1.0,1.8771929824561404,0.03984491390906042,0.8771929824561404
shots_onGoal,2026-03,fanduel,under,0.0,2.2199999999999998,0.04666572032812605,-1.0
shots_onGoal,2026-03,fanduel,under,1.0,1.6493506493506493,0.044185147102606126,0.6493506493506493
shots_onGoal,2026-03,fanduel,under,0.0,1.7407407407407407,0.05942537564823058,-1.0
shots_onGoal,2026-03,fanduel,under,0.0,2.1,0.0529143477480728,-1.0
shots_onGoal,2026-03,fanduel,under,0.0,1.8771929824561404,0.03571165457941361,-1.0
shots_onGoal,2026-03,fanduel,under,0.0,1.8695652173913042,0.04783990898724244,-1.0
shots_onGoal,2026-03,fanduel,under,1.0,1.78125,0.03863956734823759,0.78125
shots_onGoal,2026-03,fanduel,under,0.0,1.847457627118644,0.030569289171154646,-1.0
shots_onGoal,2026-03,fanduel,under,0.0,2.04,0.030883582845994184,-1.0
shots_onGoal,2026-03,fanduel,under,0.0,1.7575757575757576,0.055062165773035465,-1.0
shots_onGoal,2026-03,fanduel,under,0.0,1.6756756756756757,0.051730482179407344,-1.0
shots_onGoal,2026-03,fanduel,under,1.0,1.8333333333333335,0.050888903432807275,0.8333333333333335
shots_onGoal,2026-03,fanduel,under,1.0,2.26,0.03485075299439355,1.2599999999999998
shots_onGoal,2026-03,fanduel,under,1.0,2.46,0.04066289052964556,1.46
shots_onGoal,2026-03,fanduel,under,1.0,2.04,0.11891963072188111,1.04
shots_onGoal,2026-03,fanduel,under,1.0,2.04,0.030991396051040454,1.04
shots_onGoal,2026-03,fanduel,under,0.0,2.58,0.04125349477867435,-1.0
shots_onGoal,2026-03,fanduel,under,1.0,1.7575757575757576,0.03254408484983551,0.7575757575757576
shots_onGoal,2026-03,fanduel,under,0.0,2.08,0.03288645085434977,-1.0
shots_onGoal,2026-03,fanduel,under,1.0,1.6756756756756757,0.030947855795143364,0.6756756756756757
shots_onGoal,2026-03,fanduel,under,1.0,1.5952380952380953,0.033260637941473825,0.5952380952380953
shots_onGoal,2026-03,fanduel,under,1.0,1.819672131147541,0.03996807554252435,0.819672131147541
shots_onGoal,2026-03,fanduel,under,0.0,1.6493506493506493,0.030879095899642106,-1.0
shots_onGoal,2026-03,fanduel,under,0.0,1.8771929824561404,0.05157450919172091,-1.0
shots_onGoal,2026-03,fanduel,under,1.0,2.1799999999999997,0.03416047992551685,1.1799999999999997
shots_onGoal,2026-03,fanduel,under,0.0,1.78125,0.030483739056755166,-1.0
shots_onGoal,2026-03,fanduel,under,1.0,2.12,0.037853764421316716,1.12
shots_onGoal,2026-03,fanduel,under,0.0,2.2199999999999998,0.033851179860992786,-1.0
shots_onGoal,2026-03,fanduel,under,0.0,2.16,0.041158103262502965,-1.0
shots_onGoal,2026-03,fanduel,under,0.0,1.606060606060606,0.03001229568274466,-1.0
shots_onGoal,2026-03,fanduel,under,0.0,2.3600000000000003,0.11734525558502784,-1.0
shots_onGoal,2026-03,fanduel,under,1.0,1.8333333333333335,0.03659048787160901,0.8333333333333335
shots_onGoal,2026-03,fanduel,under,1.0,1.78125,0.030816042522623155,0.78125
shots_onGoal,2026-03,fanduel,under,1.0,2.02,0.038360800085273095,1.02
shots_onGoal,2026-03,fanduel,under,1.0,1.9433962264150944,0.030091936353130566,0.9433962264150944
shots_onGoal,2026-04,draftkings,under,0.0,2.4,0.036334936160379694,-1.0
shots_onGoal,2026-04,draftkings,under,1.0,1.8333333333333335,0.04565506662558838,0.8333333333333335
shots_onGoal,2026-04,draftkings,under,0.0,1.8695652173913042,0.032293851145880015,-1.0
shots_onGoal,2026-04,draftkings,under,0.0,2.35,0.04666192019397758,-1.0
shots_onGoal,2026-04,draftkings,under,0.0,2.1,0.03894610843721791,-1.0
shots_onGoal,2026-04,draftkings,under,1.0,1.7142857142857144,0.030240641651812727,0.7142857142857144
shots_onGoal,2026-04,draftkings,under,1.0,2.2,0.03737896817993208,1.2000000000000002
shots_onGoal,2026-04,draftkings,under,0.0,1.6493506493506493,0.04712501774181177,-1.0
shots_onGoal,2026-04,draftkings,under,1.0,1.7692307692307692,0.05149743049392097,0.7692307692307692
shots_onGoal,2026-04,draftkings,under,1.0,2.15,0.03489071042282782,1.15
shots_onGoal,2026-04,draftkings,under,1.0,2.1,0.04104806700911634,1.1
shots_onGoal,2026-04,draftkings,under,1.0,1.6493506493506493,0.034453937175972005,0.6493506493506493
shots_onGoal,2026-04,draftkings,under,1.0,1.6896551724137931,0.03203405605951759,0.6896551724137931
shots_onGoal,2026-04,draftkings,under,1.0,2.3,0.030676830340284067,1.2999999999999998
shots_onGoal,2026-04,draftkings,under,0.0,2.24,0.040056318792905554,-1.0
shots_onGoal,2026-04,draftkings,under,1.0,1.6896551724137931,0.041840643594520444,0.6896551724137931
shots_onGoal,2026-04,draftkings,under,1.0,2.1399999999999997,0.04830151705421054,1.1399999999999997
shots_onGoal,2026-04,draftkings,under,0.0,1.6896551724137931,0.037708513589846726,-1.0
shots_onGoal,2026-04,draftkings,under,1.0,2.5,0.0499820935797024,1.5
shots_onGoal,2026-04,draftkings,under,1.0,1.7142857142857144,0.03331944175346491,0.7142857142857144
shots_onGoal,2026-04,draftkings,under,0.0,1.5319148936170213,0.03319401980541803,-1.0
shots_onGoal,2026-04,fanduel,under,0.0,1.9090909090909092,0.04336804826658869,-1.0
shots_onGoal,2026-04,fanduel,under,1.0,2.04,0.05134646515079139,1.04
shots_onGoal,2026-04,fanduel,under,1.0,1.7692307692307692,0.06500136038446136,0.7692307692307692
shots_onGoal,2026-04,fanduel,under,0.0,1.6578947368421053,0.05008472230447991,-1.0
shots_onGoal,2026-04,fanduel,under,1.0,2.38,0.04215485670147706,1.38
shots_onGoal,2026-04,fanduel,under,1.0,1.7575757575757576,0.033527336559699195,0.7575757575757576
shots_onGoal,2026-04,fanduel,under,0.0,2.3600000000000003,0.05226647187924516,-1.0
shots_onGoal,2026-04,fanduel,under,1.0,1.5952380952380953,0.03564812971945164,0.5952380952380953
shots_onGoal,2026-04,fanduel,under,0.0,2.58,0.030348528967988786,-1.0
shots_onGoal,2026-04,fanduel,under,0.0,1.8,0.07499816198868658,-1.0
shots_onGoal,2026-04,fanduel,under,1.0,1.78125,0.030364924340614996,0.78125
shots_onGoal,2026-04,fanduel,under,0.0,2.0,0.030607587418347015,-1.0
shots_onGoal,2026-04,fanduel,under,0.0,1.78125,0.03320961968244718,-1.0
shots_onGoal,2026-04,fanduel,under,0.0,1.9803921568627452,0.030936759170731576,-1.0
shots_onGoal,2026-04,fanduel,under,1.0,2.42,0.030481435865955364,1.42
shots_onGoal,2026-04,fanduel,under,1.0,2.1799999999999997,0.03734888848701823,1.1799999999999997
