stat,month,n,coef_ld,brier_market_raw,ll_market_raw,brier_model,ll_model,brier_market_recal,ll_market_recal,brier_stack,ll_stack
assists,2025-04,1130,0.464,0.20855545945442008,0.6065047400950359,0.2077307200492939,0.6047191561052238,0.2079960120788209,0.6051047918970353,0.20703532694400859,0.6031206503857532
assists,2025-10,2782,0.468,0.21917845129735175,0.6285478876443076,0.22097188484974808,0.6327821485900567,0.21939085076525666,0.6290343709939616,0.2211333812950219,0.6331437801024439
assists,2025-11,3266,0.406,0.21326570032062253,0.616223753359737,0.21483534849124625,0.6202093276342774,0.21293641900205168,0.6153734381052084,0.21372280412356198,0.6172580023897467
assists,2025-12,3261,0.266,0.1972966849246888,0.5773245278599797,0.2015162879223125,0.5877447186969924,0.1968954734148675,0.5758760290047387,0.1973807131303119,0.5768266691420495
assists,2026-01,3491,0.211,0.17519503002160045,0.5249252578752577,0.19095251489062504,0.5671261057314635,0.17508708563653982,0.5237177341337491,0.17570702884689052,0.5255790457846093
assists,2026-02,1222,0.09,0.21094197105868645,0.611223809530851,0.21216092510036882,0.6140718444626377,0.2108611965205742,0.6110413232439529,0.21083735163809,0.6110664428831195
assists,2026-03,3960,0.092,0.21492769409169019,0.6199817816592579,0.21576956482749785,0.6220338591268983,0.21530853350113963,0.620935475759238,0.21545312693888902,0.6212215479430608
assists,2026-04,1949,0.097,0.22355394345291504,0.6386099692333621,0.2248679517114556,0.6416186563208034,0.2242088632307285,0.6402834197589078,0.22430068801125053,0.6404021162827934
goals+assists,2025-04,926,0.218,0.23480388460114557,0.6594451629710131,0.24230119376114168,0.6772961617487131,0.23501038076094732,0.6596332499901815,0.23458488509882902,0.6588062187365893
goals+assists,2025-10,2191,0.178,0.23770002710076807,0.6673610136829601,0.2440064790085486,0.6806756693230264,0.23750009884866918,0.6671970496815456,0.23858122837065696,0.669467788987594
goals+assists,2025-11,2722,0.171,0.23304043359711887,0.6569746659483169,0.24286330048856727,0.678804725836612,0.2334182881105284,0.6577869838035475,0.2339912086269246,0.6586119259849036
goals+assists,2025-12,3060,0.155,0.19765855890429063,0.5749669267681162,0.22482344297065762,0.6391420190239042,0.19672633293107353,0.5725756691606805,0.19782330193017938,0.5753518028802478
goals+assists,2026-01,3571,0.047,0.2022282297893259,0.5874390998084645,0.22399054874415225,0.643748198860705,0.2016655957300233,0.5864898696714468,0.20201062762539718,0.5874830339281567
goals+assists,2026-02,1330,-0.025,0.2320114173502787,0.65687384673565,0.2328857110091711,0.6584669486435275,0.2315879523623875,0.6562306524100361,0.23160831980388982,0.65627661555025
goals+assists,2026-03,4264,-0.008,0.2346523629496858,0.6617798836101155,0.23635985318051755,0.6653486080581631,0.23526025888443197,0.6630838927758056,0.23536147389922238,0.6632424972050774
goals+assists,2026-04,2181,0.003,0.2391774659588311,0.6713216395427508,0.24041309897924212,0.6739403792027916,0.2397186714369067,0.6726705333010732,0.24028528819192937,0.673857313000867
points,2026-04,1496,0.112,0.19106827627219364,0.5691429349108131,0.19108974944661528,0.569935268739189,0.19084355677296258,0.5686101695405396,0.19082287847140963,0.568563113802232
shots_onGoal,2025-04,881,-0.085,0.2455119976248121,0.6841953767404781,0.2474246279057226,0.6883957468602415,0.2464453203337206,0.6861298827446811,0.24660409316877824,0.6864477165959912
shots_onGoal,2025-10,2337,0.009,0.24124977320155738,0.6754831624327167,0.2414561542046187,0.6794245121952738,0.24062801170555279,0.6742291260937907,0.2412461229089623,0.6754747396825466
shots_onGoal,2025-11,2425,0.25,0.23923394760246736,0.6713069690480093,0.2398034327516371,0.6727700535430126,0.2387954171330069,0.6703833281694876,0.23871583652940956,0.6702340407812193
shots_onGoal,2025-12,2497,0.253,0.2427723117753893,0.6785693139075006,0.24417269965034222,0.681477060596175,0.24299632104064614,0.6790625866467862,0.24261980925207585,0.6782662446203529
shots_onGoal,2026-01,3218,0.261,0.24308826515002274,0.6791858231191448,0.2464916856848929,0.6864762229381011,0.24350621376732434,0.6800513269797964,0.24383825379615037,0.6807601373207928
shots_onGoal,2026-02,1362,0.225,0.23970461059122453,0.6722526124233765,0.24176816125654677,0.6767494118979426,0.2395841065889339,0.6719815815115828,0.24000384231693858,0.6728615513791968
shots_onGoal,2026-03,4288,0.224,0.24083217025344747,0.6744826738392576,0.2424043267332613,0.6779626245270851,0.24046018252804588,0.6737219270505788,0.24011096566950638,0.6729916675851396
shots_onGoal,2026-04,2034,0.228,0.24074216459828307,0.6743406018152315,0.24178654137607292,0.6766825642337272,0.2402302252694895,0.6732931641434423,0.2400055132223045,0.6728224807609539
