model,stat,side,thr,n,hit,roi,se,clv
p_v1,assists,over,0.03,787,0.3138500635324015,-0.010245213063800496,0.10929032816233872,0.00748513162788951
p_v1,assists,over,0.06,183,0.3333333333333333,0.07775351201322903,0.23584637143202092,0.010795889721151981
p_v1,assists,under,0.03,1049,0.6377502383222117,-0.030367555426372598,0.047187002479025145,0.00047803783973404196
p_v1,assists,under,0.06,302,0.6754966887417219,0.041278713850487925,0.08839990611967323,0.000859569535348414
p_v1,goals+assists,over,0.03,1073,0.41658900279589933,-0.0057622309141919315,0.07467997477574075,0.0063955242156516975
p_v1,goals+assists,over,0.06,287,0.4076655052264808,0.021809749479294493,0.15160611433391472,0.010958816662759302
p_v1,goals+assists,under,0.03,888,0.5213963963963963,-0.06571085744091915,0.06228480271902983,0.00047731983221405437
p_v1,goals+assists,under,0.06,258,0.5310077519379846,-0.04686534020290061,0.11519405336702278,0.0014937707903951698
p_v1,points,over,0.03,224,0.2857142857142857,-0.11071428571428574,0.19110986882063782,0.007192115277753014
p_v1,points,over,0.06,56,0.26785714285714285,-0.1616071428571428,0.37613765418303285,0.013773173565793773
p_v1,points,under,0.03,64,0.703125,0.020297950759562124,0.17049733840467807,0.01149377397648584
p_v1,shots_onGoal,over,0.03,1182,0.46954314720812185,-0.0597517489373193,0.05918107191281653,0.011621913530955688
p_v1,shots_onGoal,over,0.06,360,0.46944444444444444,-0.03794680984403932,0.10953571012204968,0.016898798378387037
p_v1,shots_onGoal,under,0.03,2088,0.5311302681992337,0.03371810079808232,0.043336845987200105,0.00791988920968561
p_v1,shots_onGoal,under,0.06,799,0.5306633291614519,0.06088591747712903,0.07185502488052126,0.01113808050067966
p_v2,assists,over,0.03,211,0.23696682464454977,-0.22028436018957348,0.19949203995268147,0.009171848091776966
p_v2,assists,over,0.06,31,0.22580645161290322,-0.30000000000000004,0.4917847468688529,0.017392180780049542
p_v2,assists,under,0.03,817,0.5691554467564259,-0.03929281643593556,0.060700253390497734,0.0012156226996904436
p_v2,assists,under,0.06,181,0.5966850828729282,0.05845650749796605,0.1352760788489807,0.0019269521560778056
p_v2,goals+assists,over,0.03,427,0.4098360655737705,-0.05952856211797966,0.11201131260574483,0.008692397052294203
p_v2,goals+assists,over,0.06,84,0.36904761904761907,-0.09970932050981314,0.26459469232850347,0.013988314852145144
p_v2,goals+assists,under,0.03,890,0.5202247191011236,-0.029946501665999676,0.06518075784834057,0.0011136730330426293
p_v2,goals+assists,under,0.06,213,0.49765258215962443,-0.0990701400433233,0.12854884500075722,0.002617423618027805
p_v2,points,over,0.03,82,0.2682926829268293,-0.08902439024390245,0.33929198243747677,0.009932389430022968
p_v2,points,under,0.03,48,0.6041666666666666,-0.029279316318632138,0.23180588405607572,0.013319165925797042
p_v2,shots_onGoal,over,0.03,218,0.4954128440366973,-0.014524182180965807,0.13704845229991305,0.02093232669795664
p_v2,shots_onGoal,over,0.06,39,0.38461538461538464,-0.22851053794813844,0.31764280047309845,0.039197641965552726
p_v2,shots_onGoal,under,0.03,3958,0.5308236483072258,0.02212333884617073,0.031155524187321242,0.0036796610250200684
p_v2,shots_onGoal,under,0.06,1946,0.5359712230215827,0.044634268789824356,0.04488074314967005,0.00516013424262374
