eventID,line,mkt_over,mdl_over,mkt_home,mdl_home,y_over,y_home,mdl_mean
Mwvf4sEQmD1tFHvhhBzE,6.0,0.5,0.48971567408578504,0.27932960893854747,0.3336651496716879,0.0,0.0,6.092678522977682
HTgfnPjMt3MTqOHt84Ce,5.5,0.46296296296296297,0.37349058051938805,0.4291845493562232,0.4613280525823842,1.0,0.0,5.156568155057479
AfsACkSkRCxN7TXAT862,6.5,0.5327102803738317,0.5118459260342293,0.609375,0.6338551884934536,1.0,1.0,6.541727671503803
33VkB5Pqml4r4KkVICbc,6.0,0.46511627906976744,0.5018470015659902,0.4672897196261682,0.5233470161418962,,1.0,6.152479141307366
yNZifVWTnj7FZPE1TAJk,6.5,0.5098039215686274,0.41811369257223574,0.4784688995215311,0.4433849271638783,0.0,1.0,6.0038665911332405
5ZKwYN6pJE9tZu9cmhl3,5.5,0.49019607843137253,0.5035649560859816,0.5327102803738317,0.5338134089261052,1.0,0.0,5.847738228673289
4O60k13ThErEJIZGFlTS,6.0,0.5121951219512195,0.5657240080239948,0.45662100456621,0.49083929694999745,,1.0,6.479545367574817
TiNqHZQNZ0VzjNggBLMy,6.0,0.4878048780487805,0.42426011731354374,0.4366812227074236,0.54304215060126,0.0,0.0,5.771212505686727
tuuM7SiSMevVpjCeIl4t,6.5,0.5327102803738317,0.5170484830540955,0.425531914893617,0.4973393035987504,0.0,1.0,6.566042580509774
dgVc4CHfQXCpqOcVV9Am,6.0,0.4484304932735426,0.37905933246179874,0.49019607843137253,0.5117666799573596,0.0,0.0,5.548473789112691
w3Q4U3R9jFW8YI8xsTMh,6.0,0.5121951219512195,0.514983079775029,0.49019607843137253,0.5766073229406472,0.0,1.0,6.217502998427889
TP2GeUC68FzyW1hk52Hy,6.5,0.5215311004784688,0.489173529483065,0.37593984962406013,0.4492848436482049,1.0,1.0,6.408645393740076
VSzjhRHsw0bYE8r7icYh,6.0,0.47619047619047616,0.4886458400706157,0.5215311004784688,0.5445701878712159,0.0,0.0,6.086074700289389
ICgSa2O6Bbed0s9AKhri,6.0,0.4784688995215311,0.5053995503733465,0.6527777777777778,0.6427500865831133,1.0,1.0,6.167324401343639
gZurloIY5D6swxAUVEpF,5.5,0.4784688995215311,0.5061493180792642,0.576271186440678,0.5481595121743673,1.0,1.0,5.860119648506662
mnDnPOxXElZWlX8U96HR,6.0,0.5215311004784688,0.5012777867379165,0.47393364928909953,0.5082008296159318,,0.0,6.150014381067842
9kyOKvU4dnRKn0jhC3XP,6.0,0.49019607843137253,0.570584647876686,0.5,0.5503953791738222,0.0,0.0,6.503908250264197
4nU6YpyfIwhtcpQAOdSk,5.5,0.5,0.513551225026926,0.4784688995215311,0.4751002355488416,1.0,1.0,5.903971406505859
0QyR9orxg1ekLprGakZZ,6.5,0.49019607843137253,0.47058178495542224,0.5535714285714286,0.5693997696076599,0.0,1.0,6.30081340044909
MPdbImh3HJ8drSSgIUtp,6.5,0.4784688995215311,0.43981849567476594,0.5370370370370371,0.5724078805055625,0.0,0.0,6.128846237030352
V3MOJBTydy5jLjyaBCkV,6.5,0.5327102803738317,0.4387024971128732,0.4672897196261682,0.5435798793550671,1.0,0.0,6.118947626354433
6E5dObxpavc5dLykwOPM,6.0,0.4784688995215311,0.44423836816584167,0.658703071672355,0.609332330175859,1.0,1.0,5.868216952389363
xcsMNJ5ptT5fodzHXdFF,6.5,0.4854368932038835,0.43918065377618265,0.7245179063360881,0.7026660790632836,1.0,1.0,6.141685136843901
mDUOQzadKPHGTaY8F7Do,5.5,0.49019607843137253,0.4673593773012505,0.6124031007751938,0.6423437845957694,1.0,0.0,5.6413927046111905
JXTtJ0i407Qp0jXlwmqp,5.5,0.45662100456621,0.5146922322320044,0.5,0.5871061860405116,0.0,0.0,5.901460219505861
HznvCTpMdH75fOIsIlh6,6.0,0.5215311004784688,0.5022764318247683,0.3412969283276451,0.43479200318404887,0.0,0.0,6.156456508848808
45optDd6dV0b8eB8jDOa,6.0,0.4784688995215311,0.49344163328707563,0.4784688995215311,0.5071360934352412,,0.0,6.110785309909986
a8DqvWUioQmOhOjndWCn,6.5,0.49019607843137253,0.5553035573786838,0.5098039215686274,0.5160686305158951,0.0,1.0,6.792291609998742
3H3lHqNpcs0rchc9nWcw,6.0,0.4784688995215311,0.3981251348141228,0.5535714285714286,0.5886911655456242,,1.0,5.645643207108838
gsYsMplj3Fq35IGRgXsq,6.5,0.4878048780487805,0.4729446198019568,0.6047430830039525,0.635438709084069,0.0,1.0,6.321536993378441
2PxWE49Mh8Keoswy1sVx,6.0,0.49261083743842365,0.4922782831328896,0.5145631067961165,0.44819745957835466,0.0,1.0,6.1062190120894195
ddVdWhk7u6ENlRFcrcYb,6.5,0.49019607843137253,0.424409899596891,0.5535714285714286,0.6100853790974994,1.0,1.0,6.048142782515335
VUpFU1iZxryrPw8Gxvhv,7.0,0.4807692307692308,0.4408973285239518,0.40816326530612246,0.412254344995451,1.0,1.0,6.848333597666732
smyaVYvaniAYTrgerkzz,6.0,0.45248868778280543,0.44150868544618277,0.49019607843137253,0.5381102891926003,0.0,0.0,5.855650169172242
3Nycpr0qpL81E08q7Rhy,6.0,0.49261083743842365,0.41593642991151614,0.3787878787878788,0.49009642494311184,,0.0,5.7296110726768115
Cd1ZplhTb0Yq2SpyBHc6,6.0,0.4784688995215311,0.458488110459158,0.5327102803738317,0.504085337649136,1.0,1.0,5.939442132391196
Iej0QS4lRny2MHIRM2IT,6.0,0.5098039215686274,0.5351034905194355,0.2544529262086514,0.3681139502415995,1.0,0.0,6.321939397660424
crXdukPtrH9Ouk1y7zy4,6.0,0.49261083743842365,0.48270700722813065,0.4784688995215311,0.5269233459832889,1.0,0.0,6.056853906060578
qgrJn0qc5KEeb8yPBMHv,6.0,0.5073891625615764,0.5938462650429995,0.54337899543379,0.5207706905173504,0.0,1.0,6.629076167784426
2XEAYn6OjHo376JslpXi,6.5,0.5,0.5002827060238172,0.6226415094339622,0.539096393115173,0.0,1.0,6.467537422219251
9rgiwQUlymthtJ2h7RsJ,6.0,0.47619047619047616,0.44442431460992005,0.34965034965034963,0.42994016434768173,1.0,1.0,5.868276012628881
xvJKk40WrePwkOSSQsA1,6.5,0.49261083743842365,0.43482092861572963,0.6168582375478927,0.6244885793781583,0.0,1.0,6.107586040567388
3FMWjFbCLLy2cEYv2Zfu,6.5,0.504950495049505,0.43335056979621855,0.4807692307692308,0.4595910855557397,1.0,1.0,6.089041515508506
ZWeZR9prtcGwZHuIKe6B,6.0,0.4716981132075472,0.43134945990167034,0.4878048780487805,0.5103720433853967,0.0,0.0,5.80604103784302
IYtbLVFoyeWxlN9aQHfu,6.0,0.5192307692307693,0.5481191294711371,0.5535714285714286,0.5857866511294179,0.0,0.0,6.386473788810456
kgvINFoRszOzI7AueFTL,6.0,0.5,0.4728617169218065,0.658703071672355,0.6101252428572679,0.0,1.0,6.0086785790012
RceYVzfEAkjJoKmjDhPM,6.0,0.4975124378109453,0.4752961794205977,0.3787878787878788,0.4819344207587167,0.0,1.0,6.0210892452702245
NTVEn3hw5wgoC4mK4UB5,6.0,0.5098039215686274,0.480773115276242,0.5327102803738317,0.5371593101514702,,0.0,6.047266969881088
aP4pPztAmxo7vUjqwSWA,6.0,0.49504950495049505,0.45093573451441815,0.6644295302013423,0.6917488068234138,0.0,1.0,5.903928644214745
oO4nxHO3cFUWV5fSF4Ph,6.0,0.4716981132075472,0.4253094556004327,0.49019607843137253,0.5556017666091668,0.0,1.0,5.776433957099532
sPx0peelflKFK0T14f87,7.0,0.46511627906976744,0.40070944685383786,0.6226415094339622,0.610602568043744,0.0,1.0,6.654094712063252
6DFgUcizyEHg7Y7huNqc,6.0,0.5,0.5485329368489229,0.4166666666666667,0.5066482633916786,0.0,0.0,6.389209219285919
Ti4sFlvQweG4uSaKTOjL,7.0,0.4672897196261682,0.42278564080024605,0.5918367346938775,0.6466305102958462,1.0,1.0,6.758313774807513
NJiyWsYpd3Byi7nsgCCo,6.0,0.5073891625615764,0.5495389864613689,0.4166666666666667,0.47014586282833304,1.0,1.0,6.396609861206179
eWnOdBYQqi59aTXkL2Rh,6.5,0.5024875621890548,0.4677128233747312,0.5535714285714286,0.6625732544861274,0.0,0.0,6.294172209276256
liwVxPiAmb29E5r5nowy,6.5,0.4716981132075472,0.41146852689041524,0.5555555555555556,0.5509925799912186,0.0,0.0,5.968365925665553
OvS22ZRQkG6XV9o7lAoj,6.0,0.47393364928909953,0.4361823137474636,0.45045045045045046,0.5124203830057642,0.0,1.0,5.82991557231706
YM5ljTmrqqtVOLm1fOU0,6.0,0.49019607843137253,0.5120858869573222,0.5614035087719298,0.49449217964049474,1.0,1.0,6.204689883625578
j8iAj7GU8IkYE7dQALIq,6.0,0.5121951219512195,0.5456533786273888,0.49019607843137253,0.5726768066186341,0.0,1.0,6.37354271160198
Ef2MiNH7dugtqDZ893VQ,6.0,0.5098039215686274,0.466317000637494,0.658703071672355,0.6141990197621724,1.0,1.0,5.976464759825165
mnzcLhm35plcEG9h1o5f,6.0,0.5,0.4938968908826252,0.6296296296296297,0.6401692782736114,0.0,0.0,6.111216549036247
Zua1jK0knqz9YgrZDXix,6.5,0.49019607843137253,0.4947300837206985,0.3401360544217687,0.4110017232787545,1.0,0.0,6.446401601461294
aqawogawKjEdDknP9d4g,6.0,0.5,0.5135943622459826,0.5327102803738317,0.5131049233816188,0.0,1.0,6.21157755615029
xLxHfAaNAFNWrfzqy2yf,6.0,0.45045045045045046,0.43868250628702465,0.44642857142857145,0.5040312917094727,0.0,1.0,5.842426242789314
HlRXWViHtmv6Wgvu4WOt,6.0,0.5238095238095238,0.4971715325086686,0.45662100456621,0.6130031731549548,0.0,0.0,6.128569866606576
gUBgeIF7WSXP6dfGxq1G,6.0,0.5098039215686274,0.4766288350378809,0.726027397260274,0.7183185260296263,1.0,1.0,6.026591014211373
aS4KoY7ggivKJJDJ3kYf,6.0,0.504950495049505,0.45246723529685695,0.5192307692307693,0.5628958435299032,0.0,0.0,5.908625162583339
58LzSmFgkEq95OfY6frB,6.0,0.49019607843137253,0.4072927503920265,0.37037037037037035,0.420146256818316,0.0,0.0,5.687467377437958
x1PuFhaCiPHN9DLMFDrH,6.0,0.49261083743842365,0.5095617290599161,0.54337899543379,0.5731664604389987,1.0,1.0,6.190457404492337
y88s6dpPEqqn9bchnuom,6.5,0.4784688995215311,0.5150564820621153,0.5535714285714286,0.5589378894919445,1.0,1.0,6.552938399509121
to8tbSWY7gjMjNpWlfEm,6.0,0.4807692307692308,0.40877039330606857,0.45662100456621,0.46884397637868225,0.0,1.0,5.694702160297976
31TClCMC4yenbGIj07YX,6.5,0.5215311004784688,0.5034638573844589,0.5515695067264574,0.5479421074996463,1.0,0.0,6.485823374455003
yjO6vFIMn4pkfiGskXSt,6.5,0.5238095238095238,0.5429974178842591,0.6491228070175439,0.6189324003222825,1.0,0.0,6.720562574040388
eTfEjWq0ZjWjEdoLG78d,6.0,0.4975124378109453,0.45324064362205463,0.3787878787878788,0.47028712184325516,0.0,0.0,5.911941106101081
MEf2MkteiynCiwR22JCX,6.0,0.5215311004784688,0.5333291700709504,0.6108949416342413,0.6911105398885236,1.0,1.0,6.303819903968385
2L2TMWPn3fkl3JGhmin0,6.0,0.4608294930875576,0.5330998142758273,0.6389891696750902,0.556043794566419,1.0,1.0,6.309060277582175
ui4BrpboYcXzl1BhHiiQ,6.0,0.49019607843137253,0.5010745188420174,0.5726495726495726,0.5979793776610873,,1.0,6.148543848857691
uhQv3WphUhUMgA9Pwp2B,6.0,0.5024875621890548,0.5233173322768816,0.6,0.5792574593977831,1.0,1.0,6.259359685962013
Z21n58QGbAh8OmosuhJ5,6.5,0.5,0.4183811053589476,0.6138996138996139,0.6341598396102633,0.0,1.0,6.017479060113465
MSqwVIt7xiTS1hP1rNG1,6.0,0.47393364928909953,0.35205952794928,0.39215686274509803,0.4849794601694966,0.0,1.0,5.417083466110251
UyxIaFfZXYXZrxecHchF,6.0,0.5098039215686274,0.5127360946115384,0.7601918465227818,0.6949662699915046,1.0,1.0,6.201016480081479
L1CADCvFsOT2TplHc8Yu,6.0,0.4784688995215311,0.43389317495482266,0.5,0.5059251615367036,1.0,1.0,5.818667464244456
DRQIcvOOxNjhGxY3dOXb,6.5,0.49019607843137253,0.4408054457495826,0.5,0.5338303540133063,0.0,1.0,6.130179549571081
kJUV7Y7MrOvqmiYmyLnd,6.0,0.4672897196261682,0.4640300651476783,0.5327102803738317,0.5072705789073148,1.0,1.0,5.966319827474703
lWp8IMXVnGTQXaGHQK7P,6.5,0.4830917874396135,0.4482988771843992,0.45662100456621,0.5068156719572919,1.0,0.0,6.170563495902993
eoIUzWUSe1bxEM8uCyQn,5.5,0.5,0.43463093995088997,0.5670995670995671,0.5921745009180003,0.0,1.0,5.4769683290606235
0KwaeXcJc1zleAQbiKzw,6.0,0.5215311004784688,0.5280184495168365,0.504950495049505,0.5915758422918098,1.0,1.0,6.283549455363767
Ud2QTushVUGzy9hTRcO9,6.0,0.4878048780487805,0.47105447491402574,0.6168582375478927,0.6121183933217055,1.0,1.0,5.999770404055465
0ayKLhlLm9NdarXzouSF,6.5,0.5024875621890548,0.44191000698174115,0.5327102803738317,0.5937508755444151,1.0,0.0,6.143918275774594
PYmdBslNQ1jxLz2HUGAs,6.5,0.4784688995215311,0.3973276368339084,0.588477366255144,0.5837118222193461,0.0,1.0,5.892799320225814
aIll9KJR2iZd5JnHnbV1,6.5,0.4854368932038835,0.4153315056972755,0.5515695067264574,0.5713908232053789,1.0,1.0,5.992141673705872
Yg2FfDMHOGXnOBuF0tnw,5.5,0.5,0.5700346746888579,0.4830917874396135,0.5422250563681177,0.0,1.0,6.216611581400916
H7CX1sjEXVONsPatq2id,6.0,0.5169082125603864,0.5653789287091392,0.5,0.5261867246160106,0.0,1.0,6.476696386263065
nE44jydQHV9ZHVAh0E1o,6.0,0.5169082125603864,0.4241386426069981,0.4854368932038835,0.4800996929905366,1.0,1.0,5.769837003942787
nroKaELnHHZeOLhXzKmU,6.0,0.46296296296296297,0.4095348531172297,0.576271186440678,0.5115549890156371,0.0,0.0,5.698112167883201
3KezbfN59zS0WVnWVHKj,6.0,0.5121951219512195,0.4862175111664126,0.5575221238938053,0.5243607458621652,1.0,0.0,6.0743084681102895
CJIWYiNtaJpeQHgAVQR7,6.0,0.5215311004784688,0.5125166615689948,0.43478260869565216,0.5361886518313473,0.0,1.0,6.205457068089459
Ez0sxHG1mDDciq75Bh5O,6.0,0.5098039215686274,0.5821970972873397,0.6062992125984252,0.6737908165019777,,0.0,6.557121702902861
oW2v98aQYTkZ1LAh3hBm,6.5,0.5305164319248826,0.4678519961801496,0.574468085106383,0.5040849219450902,0.0,0.0,6.280758347133023
uSucGKcuJ1hJwHdl1k2x,6.0,0.5,0.46861808111266673,0.5,0.512713125100541,1.0,0.0,5.988519731379106
DkUw8L6qTOWCuKV9vNqa,6.5,0.54337899543379,0.48035404591002706,0.5,0.5545976441171216,1.0,0.0,6.353936784453447
u2i0Q1OW1Re4uFdbXQjX,6.5,0.49019607843137253,0.47917563486811077,0.7175141242937854,0.6312708882923278,1.0,1.0,6.356559072422386
fmb4ZBYqVr4Hw1tbnSqj,6.0,0.5098039215686274,0.575046294479166,0.3831417624521073,0.32668841671807364,1.0,0.0,6.5251462939267
wasMOpZREbRB0X9UEdIC,7.0,0.4444444444444444,0.377246153468495,0.5983935742971888,0.5870377284290695,,1.0,6.54140255841185
2ba8wJYFK5PY2iPwYSjk,6.0,0.5098039215686274,0.5325892371232098,0.4830917874396135,0.45033155323270163,0.0,0.0,6.3106422048979836
93OWrx8EO8o56jAUozn9,6.5,0.49019607843137253,0.43269104773672806,0.5192307692307693,0.5425932879778288,0.0,1.0,6.085263910265577
CkKEO2DgOhtJFUOsZJLz,6.0,0.4807692307692308,0.4590895266507259,0.6168582375478927,0.5640386843556013,0.0,1.0,5.9410454311628955
CbHlnT2bJwEh83Q2X0cY,6.0,0.4694835680751174,0.4160701743586279,0.6168582375478927,0.4950974485714524,1.0,1.0,5.730272415034777
mcFtZzo5qhy2bfsKSu5V,6.5,0.5,0.46604639959852645,0.574468085106383,0.5337773013333039,0.0,0.0,6.271838807316984
aSX9neZGIbgjPUcD1M0c,6.0,0.5169082125603864,0.48068338122030213,0.2857142857142857,0.5747963434890828,,1.0,6.046966971146041
jLPacFTo9NBGHSp2w7Mm,6.5,0.5098039215686274,0.474974724800017,0.5726495726495726,0.6056238385526536,0.0,0.0,6.330576784991266
CLJDUwWog1XsSdaAMzAb,6.0,0.5098039215686274,0.4478175053238418,0.6503496503496503,0.6190746786677198,1.0,1.0,5.885766000237511
qgxrZbhrTPrdnKLvLw4J,6.5,0.49019607843137253,0.4298638414047683,0.6551724137931034,0.4727845103126305,1.0,1.0,6.0685886155444795
OV2mjjKSHLgwKxSfeOTt,6.0,0.504950495049505,0.4626142000320143,0.40816326530612246,0.4503668410823101,1.0,1.0,5.95790766319668
3vx7dxfvGaQoHhcJ0MgV,6.5,0.49019607843137253,0.42671125215969175,0.5633187772925764,0.5702435666465259,0.0,0.0,6.0553026888198636
MVF4f19njQ9AH8lMcoI2,6.5,0.49019607843137253,0.3940363482653747,0.5918367346938775,0.5997466843708171,1.0,0.0,5.875694369027302
BgXFI5bjxkvh4EUpZUdz,6.0,0.5073891625615764,0.4710044185348569,0.3952569169960474,0.4153895323754209,0.0,1.0,6.000660232528546
zVFRec14hVaEgTicCfLF,6.5,0.5327102803738317,0.5205996283200919,0.7435897435897436,0.6857098048391082,1.0,1.0,6.594078794433685
PVskIuMdcDgDkZgsJN2b,6.0,0.5215311004784688,0.4414811901513302,0.5918367346938775,0.5992540467631059,1.0,1.0,5.854605244659789
76d4UZOTsx0a3HqHIlq7,6.5,0.5,0.41651955486465747,0.7275204359673024,0.6559463648227474,1.0,0.0,6.010303740862473
1m1n5VnwMZmC8ONrYUjX,6.0,0.5,0.5271495840247683,0.42016806722689076,0.4994296884308176,1.0,0.0,6.28066063903773
s3egD7198G4bXmesdMrj,6.5,0.4854368932038835,0.46230718252998027,0.4975124378109453,0.5005338380598537,0.0,0.0,6.249262413109851
39Z8c19KySMMvsmu9hHg,6.0,0.5098039215686274,0.47275443451635096,0.5327102803738317,0.5582662872418526,1.0,0.0,6.00791619465072
lilhWbkMv7CeZDLjQvTU,6.5,0.5215311004784688,0.45265907150803963,0.39215686274509803,0.44075961561367744,0.0,0.0,6.201396343196458
Igz2mzuD6SHtWNkJMg4f,6.0,0.5,0.4712913541869342,0.5833333333333334,0.542445276296748,1.0,0.0,6.000918507922566
fv9UWH60bYzhRxV69TDT,6.5,0.5098039215686274,0.48027969800163667,0.5192307692307693,0.5534359657785545,1.0,0.0,6.353388381649529
irIa0fx8oYVRMnBOe5LR,6.5,0.5215311004784688,0.5186239900211115,0.45662100456621,0.5732549425869703,1.0,0.0,6.574765002560774
TC4FZtMdTQJYeKAnoeoK,6.5,0.4784688995215311,0.4726414414814427,0.5215311004784688,0.5012396674369194,1.0,1.0,6.308535136484292
gje2y32RmTWPCpZXuaen,6.5,0.5305164319248826,0.37906140370614205,0.423728813559322,0.5296067774593688,1.0,1.0,5.786770244168689
lHWvyEoLUhT9VopKhNmO,6.5,0.4784688995215311,0.4147787985915898,0.5918367346938775,0.5702641170492394,1.0,1.0,5.988924792381627
FGZ2B0gDUvLHZl5Spj0P,6.0,0.49019607843137253,0.44876769863475735,0.6254681647940075,0.5784430931407976,0.0,1.0,5.890189148641839
YdAPem3k4mpvtbCDmyui,6.0,0.5,0.470877587310076,0.5215311004784688,0.6192435023155157,1.0,0.0,5.998866907492606
VrAOI3vG6vTzQhvEA29E,6.5,0.4878048780487805,0.4863637395446755,0.49019607843137253,0.5379393131199173,1.0,1.0,6.387631570155301
od5uOXaUl6cn9N4URzcQ,6.5,0.4672897196261682,0.4153807291683395,0.6389891696750902,0.6415174811091718,0.0,0.0,6.001977730338905
xHUPb1tgnmiX4LsfUxW5,6.5,0.4854368932038835,0.5020591594965245,0.7093023255813954,0.6468126156917365,1.0,1.0,6.487831553749505
t4FhVe8Z4TSOlzMW4tur,6.5,0.5098039215686274,0.338847239254153,0.6168582375478927,0.5879425406634734,1.0,1.0,5.56843378551128
HSej1bS7S7jUEGgH3Fl4,6.5,0.5,0.5079314047820476,0.5918367346938775,0.5956308754829641,1.0,1.0,6.5158128979674945
dmrOIem4iNNdycUAfPTB,6.0,0.4672897196261682,0.5084969992805907,0.5815899581589958,0.625544352756093,0.0,1.0,6.183703016167596
UhidWEtyqzi95nVCVXMv,6.5,0.5145631067961165,0.4742437236508024,0.71671388101983,0.7078909498225439,0.0,1.0,6.335517347460254
9ag2rjiqe18MyjKgK2ej,6.0,0.4694835680751174,0.44345366202719977,0.6503496503496503,0.6444155929696332,1.0,1.0,5.865702569927226
zAs4dTXBkgUOGGuwhZu2,6.0,0.5145631067961165,0.381261952100345,0.45662100456621,0.49510798208970486,0.0,0.0,5.559466636598739
XsKvkf1ziKBw2UcLI0m2,6.0,0.5,0.4839880260079596,0.6621621621621622,0.6213359424629107,,1.0,6.063190679548454
7N8MkK4IHjBXAVGJTyp5,6.0,0.5238095238095238,0.5156422492247411,0.45454545454545453,0.4906126761692879,0.0,0.0,6.222718572724371
dAVEl8ZFD7rDVaK6I3hv,5.5,0.4784688995215311,0.44548252853105347,0.6153846153846154,0.4943124191006724,1.0,0.0,5.535281151369835
cruBqNhQiOOmTMgrUtK7,6.0,0.5283018867924528,0.49600879911373913,0.5918367346938775,0.5956692853318056,,1.0,6.123314545680662
dHScIID5v2BsYLEdr2io,6.0,0.4854368932038835,0.5000171018712518,0.5918367346938775,0.6256741301700491,0.0,1.0,6.141937053865425
p12yRAHJ2l8Umx8SdqKL,6.0,0.5215311004784688,0.45527211246084637,0.5726495726495726,0.6001764568750941,1.0,1.0,5.921889804142311
SqwYDPD21v3E28KLdv5M,6.0,0.49504950495049505,0.4178890401283926,0.5633187772925764,0.5804570834826805,0.0,0.0,5.74076013859231
dHcugT4RHQJIs5eOj9JH,6.5,0.49019607843137253,0.3937729228271223,0.5780590717299579,0.5927535508318941,1.0,0.0,5.873696522811049
8vDZYrMIDbYHm41NvDCC,6.0,0.5,0.5118194635818079,0.4672897196261682,0.49159204062743567,0.0,1.0,6.20346911894762
xNaodpUi42JHPWyY6Orw,6.0,0.4672897196261682,0.5191340353612834,0.5614035087719298,0.6098955376701461,1.0,0.0,6.237677604518868
6jlOzNovhBJSV0wc3kPF,6.5,0.47393364928909953,0.446350272633766,0.7455470737913485,0.7188583084649732,0.0,1.0,6.184208368140042
jPMUc9IZGXCatyXDAlti,6.0,0.5,0.531291114296621,0.574468085106383,0.5919234620841982,0.0,1.0,6.300319105461848
fX6ntyd0TnHjaLU3A03F,6.0,0.49504950495049505,0.5255436800386445,0.5934959349593496,0.5876817069460996,,1.0,6.270834632857678
XXPTCtCcvSF5g2GxCOcs,6.5,0.4807692307692308,0.44894813296558306,0.7333333333333333,0.725080717287035,0.0,0.0,6.199540694511517
kh4pOYX1xDX0MJocYArs,6.5,0.49019607843137253,0.35205708191745355,0.6688741721854304,0.6033587099124506,0.0,0.0,5.644686797402151
t6M4CxGnDy8Mxi1E9v7G,6.5,0.4784688995215311,0.4428127118511693,0.6212121212121212,0.6085912774805057,0.0,1.0,6.150743734856698
i6uGkBHn496o3iii4Y6w,6.0,0.4672897196261682,0.5456969257386589,0.4830917874396135,0.5442165294972944,1.0,0.0,6.373638406252978
VLtjIuZFGvF2Y3S3ZOJN,6.0,0.5073891625615764,0.45609278969848366,0.5475113122171946,0.5202261514336547,0.0,0.0,5.927360622117409
o9TPxVHwNqROnPAsm4W6,6.0,0.5215311004784688,0.493734988285271,0.49504950495049505,0.5422205610363738,,0.0,6.111513283656173
AD7CviAvIKUpRsYp1Epc,6.0,0.4878048780487805,0.5192300310227236,0.35714285714285715,0.4418908471666435,1.0,0.0,6.241739347933749
8yWVPloF1EChvQlTejSi,6.0,0.49019607843137253,0.488934682386989,0.37593984962406013,0.4426033165989563,0.0,1.0,6.089454659961427
9bLzFHyWXDMbAbgjFpHS,6.0,0.5215311004784688,0.46759672265943036,0.5633187772925764,0.42725871823509787,0.0,1.0,5.9833592288248685
vC0lsKfgfTt5G7MxB61M,6.0,0.47393364928909953,0.49069466622096014,0.4830917874396135,0.5243965169303144,,1.0,6.096688231265576
BvTqAavFrnS0CpE9udrM,6.0,0.5192307692307693,0.550795190509833,0.5215311004784688,0.5120835178297317,0.0,0.0,6.400574014678774
05aIc6ICQkmeaCLmBDAY,5.5,0.49261083743842365,0.4945869670512949,0.45248868778280543,0.4554675220427027,1.0,0.0,5.8013563352314765
gomwCQTneOHuIGNS1xvH,7.0,0.45248868778280543,0.31819260313971115,0.5121951219512195,0.49932124568753916,1.0,1.0,6.2465220497767
S39zznhaqwiyr0tg9oJX,6.0,0.5098039215686274,0.4668036076931051,0.43859649122807015,0.4641546534313139,,1.0,5.978873984001357
2iZD6Gysa8x5Ba6R2Fg1,6.0,0.5,0.40822999887495054,0.5535714285714286,0.4778933947917806,1.0,0.0,5.6918981415644065
T9EQqJ2S6BXCsfHd4TVD,6.5,0.5215311004784688,0.49735310560630497,0.4784688995215311,0.5408346175626729,0.0,1.0,6.4505831475941875
NXuIwNPwbmNBUjGJDakh,6.0,0.4975124378109453,0.4767664415179901,0.54337899543379,0.6022640491021779,1.0,1.0,6.02801381859685
eOBO84JAVbpmU5qwjXAs,6.0,0.4784688995215311,0.46050957305141216,0.47619047619047616,0.5440840548224201,0.0,0.0,5.948267862082049
hOFGGNbrDVPPTMDOxizW,6.5,0.49019607843137253,0.5412249900345083,0.49019607843137253,0.6150243038248163,0.0,0.0,6.709928273590553
CGf0mep2EN8S7XiPSuKl,6.5,0.4975124378109453,0.4823421373553669,0.5098039215686274,0.5631799006421451,0.0,1.0,6.366342105771228
xMjuumXO3WMGIrTpTAuf,6.5,0.49019607843137253,0.5256943773204057,0.49261083743842365,0.5890381779285321,1.0,1.0,6.616844319032403
ifp10SPr6dLHSwNBhpGZ,6.0,0.5,0.5406456172517254,0.5850622406639004,0.5265949511276632,1.0,0.0,6.348417967079397
KZztJxlKLAoXuqoZnmQZ,7.0,0.46511627906976744,0.36624270095113914,0.4807692307692308,0.5107872928194358,1.0,0.0,6.486276342418975
47qafGxLNHPw29V3elWZ,7.0,0.45662100456621,0.4308890589834755,0.49261083743842365,0.5549524107549708,1.0,1.0,6.798489089539518
ts1oSOz3gCK4GIu6BEh4,6.0,0.5215311004784688,0.4287054011754353,0.4854368932038835,0.6328423472924835,,0.0,5.794372051587847
c9m9qAzsvkTEF8t9lyNp,6.5,0.4784688995215311,0.4302209388268685,0.5670995670995671,0.5270844757056643,0.0,0.0,6.070633586089553
oaMT2LiOpUXcTGCEtMNM,6.0,0.49019607843137253,0.49869226191862287,0.6062992125984252,0.5617633432269842,1.0,1.0,6.136149508065697
EIDYu5upoVlNrmDOjuxu,6.0,0.47393364928909953,0.4632988141362243,0.5594713656387665,0.5574719212831923,1.0,0.0,5.961676389905259
FCNfW0g0bQG3Pw1aCOTO,5.5,0.49019607843137253,0.4718845277403737,0.5555555555555556,0.5579635379271966,1.0,0.0,5.675215688955943
9NSCil6DCcqzDO3JNoV1,6.0,0.4784688995215311,0.5340211264341848,0.6296296296296297,0.5881204009239872,1.0,1.0,6.314252396884725
nqiMc7KwdTwBR50umaaO,6.0,0.5121951219512195,0.4873088004927952,0.33222591362126247,0.4095585026543675,0.0,1.0,6.082016426053088
5kgPGoOUzUKRmnRcvFKj,6.0,0.5,0.4570019036605349,0.5918367346938775,0.510494479763404,0.0,1.0,5.932045533356916
9t3Hytf3vgpPBPrVf21Y,6.5,0.5215311004784688,0.5275473603478279,0.6428571428571429,0.5999624996549042,1.0,1.0,6.628610409949807
dJS0K2TwEXLaGDh2aEY7,6.5,0.5,0.4241057309556426,0.6336996336996337,0.6881461376566371,0.0,0.0,6.056209104252828
PCZ6pTCbRKxfWrQ96hrS,6.0,0.49019607843137253,0.5029393163166822,0.45454545454545453,0.5321309423311424,0.0,1.0,6.157714679692197
135707ju0ZaRd5FUowlL,6.5,0.5370370370370371,0.493312078837373,0.5412844036697247,0.5829345758949777,1.0,1.0,6.43084811507827
kGP8Jgd9f1ibbJuF1VTo,6.0,0.4878048780487805,0.3962439505762207,0.6632996632996633,0.5701479525124007,0.0,0.0,5.6354080644266515
67QK743LVRA8rAWZS4PT,6.5,0.49019607843137253,0.4410725816610673,0.35714285714285715,0.4466304636116399,0.0,0.0,6.134429770579964
LO9dhvOhnaqDI8PhaGmY,6.0,0.5,0.5937586061066713,0.54337899543379,0.5796887890232159,0.0,0.0,6.626460373122972
dbs6EGHzdz4eGkwLgzp7,6.0,0.5192307692307693,0.4542329098708187,0.6363636363636364,0.5478130703018096,,0.0,5.917529896182476
sQReUjoGRHiKNT2fW6rW,6.0,0.5098039215686274,0.5419640046135894,0.5780590717299579,0.571576681440724,1.0,0.0,6.354636243539684
dxp3Ai98WXl0XWRXrEt1,6.0,0.504950495049505,0.5144259103501364,0.4366812227074236,0.5074638415433803,1.0,0.0,6.215927313716288
U7rYMunOa7zcQ333h7ES,7.0,0.44642857142857145,0.38239230711810324,0.5726495726495726,0.5571328277845434,,0.0,6.566141995801092
fPzX2U3qpQyfd4PUCZnh,6.0,0.4807692307692308,0.48077390091255506,0.5918367346938775,0.6171062185511933,1.0,0.0,6.047496517723405
lgEumRJbZ3ehxzEeNigK,6.5,0.4830917874396135,0.5151831664576907,0.5918367346938775,0.601353724401136,0.0,1.0,6.55772208185156
EnZ2y98x36yM2Uz1tYTX,6.0,0.5192307692307693,0.5048333629555711,0.37593984962406013,0.45399218136843306,1.0,0.0,6.169614704964668
ncDa1sqaWM9LjaQxy9MV,6.0,0.5,0.4919256262700219,0.44642857142857145,0.4601292135307116,0.0,1.0,6.104263994980571
bSHoxr3jeKNiyac8I7S5,6.5,0.5169082125603864,0.524705948896212,0.5918367346938775,0.5912262921588027,0.0,0.0,6.611171105372955
3jD7dD8JeuQ8KX9Wi6OV,6.0,0.49019607843137253,0.46076602734798927,0.5515695067264574,0.6048079193296381,0.0,0.0,5.949073157480643
KuUG8WwOpKa0Br8wZREk,6.0,0.5215311004784688,0.4717033315733978,0.425531914893617,0.4096862081199731,0.0,1.0,6.004296503101026
qJZrfIaKKRDVyJie60Cd,6.0,0.5,0.587677510612799,0.5305164319248826,0.5473736381076678,1.0,1.0,6.5952590803379225
4iUxqksU27BtTJWwb6e8,6.0,0.5121951219512195,0.5398484265165191,0.3968253968253968,0.4513242028771438,0.0,0.0,6.347925050514309
Qmb6Uy8I6bTrgVN429co,6.0,0.5,0.5004071404834256,0.49019607843137253,0.5370232953449786,0.0,0.0,6.144941214474272
5jYXrhCy3FfWfLt9xa8Q,6.0,0.5215311004784688,0.44266258927006924,0.4672897196261682,0.4665481691660333,0.0,1.0,5.859689389948942
BMC261gljIym93VEuDsV,6.0,0.49019607843137253,0.3419918650375863,0.5633187772925764,0.5343424099424178,0.0,0.0,5.366566814837151
RqxmWjClx4SH0z6p2kmk,6.5,0.49019607843137253,0.4273117585906847,0.39215686274509803,0.48896307007299317,1.0,1.0,6.053727335028497
oqnGM7B9DomWzKqQ8PiP,6.0,0.4784688995215311,0.41884482446231075,0.44642857142857145,0.502229531231389,0.0,0.0,5.744041499502118
xZscFr95eCZfrbX2daqz,6.5,0.5169082125603864,0.5024400946581641,0.4,0.4529165466230107,1.0,0.0,6.48417399237973
6di2PNP0zfoyafo1Aw9x,6.5,0.4784688995215311,0.4043419968160566,0.5901639344262295,0.5940838861082818,1.0,1.0,5.933094591257914
OL80TKK5cScArSyL4m7x,6.0,0.4830917874396135,0.44642868376317496,0.6,0.5727327342170284,1.0,0.0,5.878896778860762
p2eG1HrR3qvuVekXzBDh,6.0,0.5215311004784688,0.5005423007526665,0.5726495726495726,0.6282875288723369,1.0,0.0,6.144375546347739
Yty40EseynSPhXOSAxDN,6.0,0.5169082125603864,0.5105999118378335,0.40816326530612246,0.5156942246080449,0.0,0.0,6.196498427012977
6tNoTGDdKt6SSdGk8rlq,6.0,0.4878048780487805,0.45849282633726524,0.54337899543379,0.5924310783480933,0.0,1.0,5.937870573377968
0rYvCt1SFhxcRHIOZk7q,6.0,0.49504950495049505,0.47640410487897744,0.38022813688212925,0.4258309862033228,0.0,0.0,6.027282766600895
jBKHSwqpuUZCH1tyv8f8,6.0,0.5098039215686274,0.497996571359396,0.5614035087719298,0.5200353599063026,1.0,0.0,6.133298902533306
dWXlyIP4NTZu4qE5JSTX,6.0,0.5073891625615764,0.5292834044011279,0.4784688995215311,0.4665545147698307,1.0,1.0,6.293213499143522
alUEY4eDf7XllheReLoe,6.5,0.4878048780487805,0.49488263001613947,0.6309963099630996,0.6183137994486151,0.0,0.0,6.444085534060288
4T0qxHNpG4ZotDtcrF6s,6.5,0.49019607843137253,0.5474097299357905,0.49019607843137253,0.5401813992028514,0.0,0.0,6.745069573837615
R69MUmQyZOhwbX7DMY5c,6.0,0.4975124378109453,0.47102160031452406,0.7005988023952096,0.6378882402969284,,0.0,5.999508736644633
6UCdDee4G6ewrUGs8ACB,6.0,0.5,0.48390384626952604,0.5815899581589958,0.6475842326343524,1.0,0.0,6.062216819797717
FnAu375UuPkZklvnVcPi,6.0,0.5215311004784688,0.5724446883787556,0.54337899543379,0.5409811432509796,1.0,0.0,6.514021963121127
7cGxIwNCrWc0KX0EIY39,6.5,0.5,0.43103008982087976,0.7481108312342569,0.7040032323563351,0.0,1.0,6.0971153877847035
rMHrj2PoDLhUmxr6sqs5,6.0,0.5215311004784688,0.5504715207082749,0.45662100456621,0.4553405425696525,1.0,1.0,6.4023752552966515
J7ZVZAQT3OGENHS6QT4X,6.0,0.5024875621890548,0.5307235627979237,0.6062992125984252,0.5801816309602632,1.0,1.0,6.297256143567689
HRjWTHSdrjss6AZQw4Dz,6.5,0.5098039215686274,0.5010301762118953,0.7920997920997921,0.7245827733270717,1.0,0.0,6.4854469644518264
jyeDoIKFtSwGW1rGR64t,6.5,0.5,0.43490383414457606,0.782608695652174,0.6927868759459909,1.0,1.0,6.115998067775588
ZHb1vYBkHUOiJbggVViq,6.5,0.5073891625615764,0.5432153986449685,0.6632996632996633,0.7252597826568613,0.0,1.0,6.727813571029823
8NJTnXnwH8uLlBOcyW59,6.5,0.49019607843137253,0.4623181453396799,0.6,0.6476252786996218,0.0,1.0,6.261818029867361
gWdBwjwVcja54jHnhlCv,5.5,0.5,0.460249947737149,0.35587188612099646,0.46905320926688654,0.0,1.0,5.616499602860269
PHG231Pg9dE13aS1pnuP,6.0,0.4784688995215311,0.4824625514705437,0.5726495726495726,0.6392869130779484,0.0,0.0,6.055349249753068
EvNU0Al3QGdmvqjqiYuB,6.0,0.4975124378109453,0.4183746377339086,0.4672897196261682,0.45236914041635456,0.0,1.0,5.741498720382443
4NEhQsSgXpLizRzqJLPd,6.5,0.4830917874396135,0.35950331619918624,0.5327102803738317,0.5065044551913839,1.0,1.0,5.675067461160529
6J5F6HvtHtyg69VjIuvq,6.5,0.5,0.4493673497677298,0.6254681647940075,0.6557123585729696,0.0,1.0,6.191158102521378
ZMd5SN08qiMZ5SLqSsfb,6.0,0.5,0.4649820215340962,0.5,0.5362369737336037,1.0,0.0,5.97027909155968
ryNsB9oAGVxnE38zDlid,6.0,0.4784688995215311,0.5029022425790993,0.4366812227074236,0.4499872182834802,0.0,1.0,6.159797607684285
ik5G0Q7lq2fJ1i5SM6GZ,6.0,0.4830917874396135,0.5004632228489945,0.47393364928909953,0.531094981472675,0.0,0.0,6.145366916191742
MuGsT5hTUwthec8HkmWK,6.0,0.4716981132075472,0.5534008132491853,0.5535714285714286,0.5556143358898147,1.0,1.0,6.412752354609736
SHHYQdxzSA3XPM70GLzZ,6.5,0.4784688995215311,0.40483459476588485,0.5515695067264574,0.5732793828419535,1.0,0.0,5.933876859002427
8l5rn8EG019fcScbSpiO,6.0,0.4716981132075472,0.4022466845782867,0.6197718631178707,0.6413873651210068,1.0,1.0,5.667269931582043
7Qx8qGKW847OXFosuDvS,6.5,0.5215311004784688,0.4860928018646996,0.5305164319248826,0.5578116249311277,0.0,0.0,6.386822505952631
kZHisW0wdak3ImV32FkL,6.0,0.49019607843137253,0.49581306422049537,0.4975124378109453,0.571683166264404,0.0,0.0,6.121961150608937
0F7RezdxYLLAqAZpFaq6,6.0,0.5098039215686274,0.4754696406792427,0.6753246753246753,0.6938542910752777,1.0,1.0,6.020094027372397
ytXUHuNHYjQce41FngUo,6.0,0.5098039215686274,0.4413399008926784,0.5327102803738317,0.5765136141508292,0.0,0.0,5.854207838611127
kfwCtWy2xEBHPWeQcjIz,6.0,0.5145631067961165,0.4580638926596862,0.4807692307692308,0.5105112392230388,0.0,0.0,5.937213059555176
wC316VK9xvBSTnksMJJp,6.0,0.5215311004784688,0.5439282371818425,0.6124031007751938,0.6588436577893224,0.0,1.0,6.3596262313285346
lPwDKkgj08cqbzt4ndSQ,6.0,0.4784688995215311,0.44276113569185394,0.5708154506437768,0.5740639052679565,0.0,0.0,5.861119293073422
FXsZO7oCKyDJmP1zF6BO,6.5,0.5,0.49635648874510835,0.3333333333333333,0.42310435636439614,1.0,0.0,6.45377190151364
a3mpCqWmzo5xiLV8pmox,6.5,0.5327102803738317,0.5127223688061152,0.576271186440678,0.5416056423984165,1.0,0.0,6.53943730194352
7BTJHACtwGzLIQHLVsk6,6.5,0.54337899543379,0.5042035709177248,0.6688741721854304,0.5943603176684247,1.0,1.0,6.494411654350947
tl5iAvy5yq5VVJqDFK2T,6.0,0.49019607843137253,0.3964542049734634,0.6336996336996337,0.586973669308488,0.0,0.0,5.637481226033834
FTaD85TxnwLXRqP9WfM6,6.5,0.5,0.45883805415123846,0.4807692307692308,0.4338735797317877,0.0,1.0,6.237379718218168
PfJiurlMczqBGDXOWOQ4,6.0,0.45871559633027525,0.43538859475771824,0.6047430830039525,0.5925945852222299,1.0,1.0,5.825339597094046
Ix36s0fM4g35VMKsa1oj,6.5,0.4784688995215311,0.5145053732936216,0.5918367346938775,0.6577676662334435,0.0,1.0,6.558524990855705
Bqb0gJt1w630vlK2kLo4,6.5,0.49019607843137253,0.5505866426544761,0.7084548104956269,0.5750574301768602,1.0,1.0,6.764176461045939
4Qlj4pr3KXyWO6gBK4II,6.5,0.49019607843137253,0.38158043999052116,0.5594713656387665,0.6004635077916043,1.0,1.0,5.807412362538529
3WErdHLfINkamqmAstVc,6.0,0.5192307692307693,0.5573452022293182,0.6240601503759399,0.6472302722129811,1.0,1.0,6.430177045027567
kXL7KXixynUA9kio3DSA,6.0,0.5073891625615764,0.42810891606064694,0.4149377593360996,0.4760988344993695,0.0,0.0,5.789180355593871
cjvt3JIHJvQH0b84iAhH,6.0,0.5215311004784688,0.4505670475041479,0.6932515337423313,0.6563411601079583,1.0,1.0,5.900485961937783
nsaL3A4C0WdChZ35VGMB,6.5,0.49504950495049505,0.42592006925532583,0.3115264797507788,0.3712790473415402,0.0,0.0,6.056938204962824
Bo7CHyfowfJ1FQCWR1jA,6.5,0.5215311004784688,0.5088947618048595,0.5708154506437768,0.5993930756786665,0.0,0.0,6.521699742861421
jUjNlX9UlXtlrpzbpP1q,6.5,0.5,0.5297447639407299,0.4166666666666667,0.4947981516453076,0.0,0.0,6.640736527655206
eDpY6wqc7NtZmLwc6BtB,6.0,0.49504950495049505,0.452094071568083,0.5327102803738317,0.5329813699822182,1.0,1.0,5.907518398200719
lIA6Er91b3nCxeMykRLg,6.5,0.4784688995215311,0.5080192531062314,0.7402597402597403,0.7055470490647873,0.0,1.0,6.522547673350858
9Du1Ruq5kXGKblZVVsVe,6.0,0.504950495049505,0.47758846208820405,0.45248868778280543,0.4400845213267306,0.0,0.0,6.032789294542151
oBlg9zCiDErG8teCnoII,6.5,0.5391705069124424,0.5404101411478364,0.4219409282700422,0.5900060046450798,1.0,0.0,6.704007860421154
LAftd887A35o2dw2PORu,6.0,0.4608294930875576,0.37102736064090025,0.5327102803738317,0.5071145564852927,1.0,0.0,5.50881256674916
9zvu2hbpMmgdANJxKkNo,6.5,0.5327102803738317,0.49291061093053734,0.6363636363636364,0.6014335203186769,1.0,0.0,6.430882390634615
MInLtyNDBlBOaGuf4Agu,7.0,0.45045045045045046,0.30256041629258085,0.5708154506437768,0.5060513491715847,0.0,1.0,6.166673395157875
ZaeHFi0f0o6iEb2fhx71,6.0,0.5145631067961165,0.37915363592649903,0.5215311004784688,0.5122765968550722,1.0,1.0,5.548955108654207
Lwe94GUwNTlFtifaDqHk,7.0,0.47619047619047616,0.4083860920947813,0.7297297297297297,0.6586507710276247,,0.0,6.688932097657773
dxkvChLZIwZjMmqhpF6i,6.0,0.5098039215686274,0.49086189680622344,0.4065040650406504,0.43129873472670394,0.0,1.0,6.099298801625315
F9j1jiO0wmrN8HOW0pvh,6.5,0.5098039215686274,0.45335306665846475,0.36363636363636365,0.41067898099120126,1.0,0.0,6.208040582797134
LkjtGar3goDojIwnc1kI,6.5,0.5215311004784688,0.47538733151125895,0.4694835680751174,0.5128719474194453,0.0,0.0,6.324364261640403
8e7r0cPDCcoWjjAmnmVf,6.0,0.47393364928909953,0.41609516709068134,0.39215686274509803,0.47674645479247807,1.0,0.0,5.730403200432827
GQNEIqDTgjRysw4r0Itg,6.5,0.5098039215686274,0.45095679528009325,0.6153846153846154,0.4694732814828851,0.0,0.0,6.188827715502956
KSy4Tpk7u7tm7GYLfYXR,6.5,0.4807692307692308,0.4862237317352834,0.3937007874015748,0.5225773093365336,1.0,1.0,6.386626086010978
UXTbkdHeOTuULo91kmyo,6.0,0.5215311004784688,0.43959524510755993,0.4784688995215311,0.47971683081602445,1.0,0.0,5.845538272207662
DQxMknHG4ZTWMDsOIhx8,6.0,0.45662100456621,0.4009163985358979,0.5918367346938775,0.5538189060600772,0.0,1.0,5.6572844072508675
N9fefYct3MN6gyeVNMEt,6.5,0.4784688995215311,0.50023221244707,0.5215311004784688,0.5350095738133961,0.0,0.0,6.467280106019974
rQTIvFvxW3i5d2IFYsw1,6.0,0.5098039215686274,0.48433108945361114,0.4784688995215311,0.5014515757594988,1.0,0.0,6.065253883545552
iywhBnN5bDYEAw0CfiOT,6.5,0.5,0.35510723455027454,0.4291845493562232,0.45004985061908437,1.0,1.0,5.6506463073704944
UpNCf6u3x9e8u962L29b,6.5,0.47619047619047616,0.4973015126917854,0.42016806722689076,0.4588933034693132,0.0,0.0,6.454034693483586
QwwXPlEzcX7wdO0D7sBx,6.0,0.4672897196261682,0.48434855762289447,0.45454545454545453,0.49735456263655303,,0.0,6.065406577670207
eBdIAhiIjJpzRhdDM4dh,6.0,0.4784688995215311,0.5343919978953852,0.49019607843137253,0.5149466711685319,1.0,0.0,6.316935564419092
R0V02HfT8eDMD276qW5k,6.0,0.49019607843137253,0.4595291383462825,0.5867768595041323,0.5934763877652456,0.0,1.0,5.942972716482021
rrgyDwY8ztF954n4Pa9Q,6.5,0.5098039215686274,0.5023043871073556,0.4672897196261682,0.5434473151598123,1.0,1.0,6.479182467832889
f8qn1lfR5dT5GzvHw5tF,6.5,0.49019607843137253,0.43055122208184793,0.5024875621890548,0.5145396972216301,0.0,1.0,6.071822979662243
XpQoiF4whcjP3VkgfcTF,6.0,0.46511627906976744,0.42780142022578715,0.5327102803738317,0.4932039516248488,0.0,1.0,5.788170995220311
SXVBQZ6Ca64JcbUzRYAc,6.0,0.45045045045045046,0.434295051199961,0.6240601503759399,0.6002012492854792,0.0,1.0,5.820093153540144
sVaWsuciuB8G13iEKXby,6.0,0.5,0.4723552067559503,0.6168582375478927,0.6097461322525366,1.0,1.0,6.006187770712776
XYYcWhcX5xZ0U5Z0A8oU,7.0,0.49261083743842365,0.4267172874793782,0.6282527881040892,0.6683992415579169,,1.0,6.775456345764648
2pqVzDzLEBTNdpcEjQqS,6.5,0.4830917874396135,0.45670939624696616,0.49019607843137253,0.5134238226642628,1.0,1.0,6.217933104467254
JAQ5DlQBeXV5E86Pr58I,6.0,0.5192307692307693,0.5601954006237505,0.4065040650406504,0.44181068074274793,,0.0,6.452781760734999
K9Hc0thdcoaHbr2jCjrq,6.5,0.49019607843137253,0.41951610801616,0.4329004329004329,0.45514273077196993,0.0,0.0,6.010486153645278
wk1b1Cat24NEhVeKDq9j,6.5,0.4784688995215311,0.4785652110555372,0.6441281138790036,0.6200066605386761,1.0,1.0,6.352080277445207
93yby8lrdDBFw5l4akmC,6.0,0.49019607843137253,0.49176506737335623,0.5670995670995671,0.5629088404782946,0.0,0.0,6.101655935055968
eza8cbIAcnT8ToNVO9pq,6.0,0.4608294930875576,0.35022437649392335,0.6124031007751938,0.569507057683943,0.0,1.0,5.409875858893739
OLEbMBm0uWRGut4h4QFB,6.5,0.5192307692307693,0.4102922475668309,0.5098039215686274,0.48846789820573927,1.0,1.0,5.959103581290139
KdfweduYm4TjpVc5mUak,6.0,0.5169082125603864,0.5126570792942465,0.5098039215686274,0.5664287241316872,1.0,0.0,6.205799163997998
QJ9HHacTCwLCRJLbZMNw,6.5,0.5,0.4245741939155473,0.47619047619047616,0.5032314109739192,0.0,0.0,6.038222483988748
j7NfXc1iamAzKpfXmm1h,6.5,0.504950495049505,0.4620303315530714,0.54337899543379,0.5521594356034641,1.0,1.0,6.250012748244073
KuhqOhjwrJplF0RaA7C3,6.0,0.4807692307692308,0.41438366269167376,0.5633187772925764,0.5607534704738717,1.0,1.0,5.723306738175837
N5pC7pjdZCvQcGvGO9df,6.5,0.4784688995215311,0.4194010805643871,0.5633187772925764,0.6025174461251596,0.0,1.0,6.019061992679447
z4rNbLbjPmxmxDqqPVmL,6.5,0.54337899543379,0.5099451777571906,0.5327102803738317,0.502701655386285,1.0,0.0,6.524318186587245
If9ja7MDByHGsVdwdCVB,6.5,0.5,0.48024806562935085,0.6062992125984252,0.5950145247362822,0.0,1.0,6.358863213166598
8S2ksv0Rw8FBaUHciH1v,6.0,0.4807692307692308,0.3198981449033723,0.5614035087719298,0.5873703008345507,0.0,1.0,5.259761011448753
DJTy30In8HEaGBKhO6yr,6.0,0.49019607843137253,0.5037646846798599,0.5535714285714286,0.5232970696609075,1.0,1.0,6.162072698557709
3Bd9OtWccV12NutsfkU9,6.0,0.504950495049505,0.49387508923185836,0.5098039215686274,0.5852396556608475,0.0,1.0,6.112532725954974
ODjw8Kvx0YBajBZZk4Za,6.0,0.4878048780487805,0.4906192035116923,0.4784688995215311,0.4372314762571907,0.0,1.0,6.097999580008665
HlShbHCXuYkdkALsDxKL,6.5,0.47619047619047616,0.43147895940715564,0.5515695067264574,0.5897731710011311,0.0,1.0,6.085068314372266
T4mX0DWO1cBkvKJRRKBd,6.0,0.45248868778280543,0.4783044906061661,0.5780590717299579,0.6305726812033764,0.0,1.0,6.035167153142327
ER0xMNodTXEbiIKnBhCJ,6.5,0.54337899543379,0.45713471639107095,0.42735042735042733,0.4961950193156419,0.0,0.0,6.220664035837946
4w1hdYbgx6ETeepMEahu,6.5,0.5215311004784688,0.5271058502515564,0.4484304932735426,0.4937242283252647,1.0,1.0,6.6251420529366385
bQFpIsmFb6isvukjscLg,6.0,0.4784688995215311,0.45010802292868474,0.36101083032490977,0.4623403668278958,0.0,1.0,5.895875382431635
V8ddbISv93zLkBmKLP4n,6.0,0.4444444444444444,0.42935880961180484,0.38461538461538464,0.4314603048386327,0.0,0.0,5.794938376376429
OjLpLiYJlEsJMIKZy5kQ,6.0,0.44642857142857145,0.4073524768749655,0.5215311004784688,0.6208566084115856,1.0,1.0,5.691207429859687
FqNmJl7RPLVcpqI2NlFB,6.0,0.5098039215686274,0.4592130145631355,0.5833333333333334,0.5549234473408138,0.0,0.0,5.941714785068293
nirZRODD8HJBPD76JvG0,6.0,0.5215311004784688,0.5326154187128357,0.5283018867924528,0.6071300224204167,1.0,1.0,6.306805841924245
LUrn8So2r6AN9k98Vekf,6.0,0.49019607843137253,0.5016514423419062,0.726027397260274,0.7219853777595786,1.0,1.0,6.146738161893819
OLq371sEkag27ImYiC9l,7.0,0.4830917874396135,0.34431574182777647,0.5,0.6030698092818902,0.0,0.0,6.380659565601375
dacrzQTatoU3E2lwJYyo,6.5,0.49019607843137253,0.4400111254929825,0.33112582781456956,0.36998110898983866,0.0,0.0,6.136427772191651
j4msl3DCtZ2VaaXVoQst,5.5,0.5,0.4989297064980915,0.4672897196261682,0.5757270398737255,1.0,0.0,5.817876891446604
y6qd2NtgU9Ld9YLGZE3C,6.0,0.4975124378109453,0.45600251423280064,0.5918367346938775,0.5412327451005899,0.0,1.0,5.926350027387916
0bEX8qFwh4L6ZzmtHFU2,6.0,0.5,0.5030486127962853,0.5,0.5231838062288524,,0.0,6.158493769392591
QyRqNA1kVUpQsKUD2iqA,6.5,0.5,0.5222195421880443,0.5901639344262295,0.5791305346553406,0.0,0.0,6.5958891595888165
YcWs0qXV5VSKnlNgCRTy,6.5,0.5283018867924528,0.533134493219838,0.5,0.5233747736252872,1.0,1.0,6.659990703350364
mZqYSMvj3WTVC2DpumAg,6.5,0.49019607843137253,0.515447276516975,0.4672897196261682,0.5537760138974465,0.0,1.0,6.554820786241593
RWhBFwSKj14eT0vWRI4Z,6.0,0.45871559633027525,0.49275351742900875,0.6296296296296297,0.6082365309714893,1.0,0.0,6.106907422057571
rddK9j3KJEeb4cUozIeQ,6.0,0.49504950495049505,0.4743410019197934,0.7101449275362319,0.6708679005773518,0.0,0.0,6.014935850315671
sLldemCD6uJDx9CDr5Fw,6.0,0.4878048780487805,0.49418960392441363,0.6655518394648829,0.6442555303976738,0.0,0.0,6.11248535740004
c0al2k4BJIABXQAQeztx,6.0,0.5098039215686274,0.5436663835122155,0.40160642570281124,0.4876166559165114,1.0,1.0,6.365497571324943
VtcIlqCWQ9joiiRFLifo,6.5,0.4784688995215311,0.4544211648487636,0.609375,0.6215887243333886,1.0,1.0,6.216316264117369
AkbndhOc4MVKdRgmy07N,6.5,0.5098039215686274,0.39548632789851546,0.4291845493562232,0.48145794180533147,0.0,1.0,5.876190418454785
xRv546AjrZLXT0hlkS1i,6.5,0.5098039215686274,0.4624318755736515,0.6168582375478927,0.6515687748817978,0.0,1.0,6.262891272068186
YrI6jHli5O6CdEAHNeUo,6.0,0.46511627906976744,0.37277158504756064,0.5815899581589958,0.5607137197595085,1.0,1.0,5.520054120357232
ZGN9UAJ7oAnHEyQYrkku,6.0,0.5024875621890548,0.48673079202976033,0.5708154506437768,0.5289327603086361,0.0,1.0,6.076794049743714
byioQXMuUDSve979kewk,6.5,0.4784688995215311,0.38861015277836114,0.6884735202492211,0.6008848917671876,0.0,0.0,5.846125027865223
tMfF2BTVxTMcfPWxmqWa,6.0,0.49261083743842365,0.47746826582989166,0.4672897196261682,0.4923767092010138,1.0,1.0,6.0317534615367245
CtdOOP8scypBTtz8q5Eb,6.0,0.5192307692307693,0.5497478927164072,0.5327102803738317,0.5964557836464537,1.0,1.0,6.3950850948748466
7aimbI6KuWf5l1x7vCNu,6.5,0.49019607843137253,0.4511091221671059,0.4784688995215311,0.4948451338678463,0.0,1.0,6.187019491490022
s30NBtbYi1jdMspvmMJE,6.0,0.49019607843137253,0.46154767455682577,0.3861003861003861,0.4504464389709682,1.0,0.0,5.952590850739242
G3FVuGakj5kxyzyxaSmi,6.0,0.5169082125603864,0.5029326313143895,0.4672897196261682,0.525478389530765,1.0,0.0,6.157853922660618
odKg4h47vhOZkNWdusLW,6.0,0.4878048780487805,0.4245732307414091,0.5327102803738317,0.6028652609122923,0.0,1.0,5.773439016885612
AZTOBe9lRY5btILwkueg,6.0,0.5024875621890548,0.5217166122754974,0.5215311004784688,0.5338848891853949,0.0,1.0,6.251664525419061
OjY6MQOcgvcfJRCyJg9T,6.5,0.4784688995215311,0.4743493040562145,0.26595744680851063,0.3983980890256213,1.0,0.0,6.329963997081975
rVzIC1a4UdisNiHYfJ13,6.0,0.4784688995215311,0.36850540989810926,0.6226415094339622,0.6344500001209381,1.0,0.0,5.504010257428232
WBJzLpD2oCNe8M7ClBp3,6.5,0.4784688995215311,0.42754961520718054,0.2597402597402597,0.3440135287292807,0.0,0.0,6.0706592966835755
5ld9o9dJAHErSA2vSWyA,6.0,0.49019607843137253,0.49013490133668675,0.5169082125603864,0.5154796280957268,0.0,1.0,6.094062052743782
L9805OVRAFBd9tr38XM4,6.0,0.4784688995215311,0.49639699297003576,0.423728813559322,0.5017702855151387,0.0,0.0,6.125720984976907
jbyqTl2HgIU2Vi9mrDv3,6.5,0.5327102803738317,0.4739461155273064,0.4366812227074236,0.44978463828494414,0.0,0.0,6.322020444993766
gAJUv8zoxxGcejLPOksP,6.0,0.4672897196261682,0.39566910421380347,0.6124031007751938,0.5709362448800149,1.0,1.0,5.632663041499728
d57vkAp6LnnLAbsoQdNw,6.5,0.4784688995215311,0.5330407799184901,0.6415770609318996,0.5852345571848587,0.0,0.0,6.660119141481905
9nhIpiprfTJZbB629k2v,6.0,0.4784688995215311,0.37242015390515554,0.54337899543379,0.5043416443327916,0.0,0.0,5.515572549492754
XPOaaqNXJBv9FEu4IYJ7,6.0,0.47619047619047616,0.45921667018871837,0.4975124378109453,0.540346107774681,0.0,1.0,5.9420555386958664
MKqQB5M5mbf0IZXv8EsG,6.5,0.5391705069124424,0.5456344081532848,0.37593984962406013,0.4801071737601344,1.0,0.0,6.7350677804103585
TIWGqi5rJYG9NKMO4uZO,6.0,0.45871559633027525,0.4733982001126961,0.5726495726495726,0.6207107071974081,,1.0,6.011230679857529
CKPF789xPfnu8lEB465d,6.0,0.5215311004784688,0.5176877925059159,0.5024875621890548,0.49542780772143075,,0.0,6.232782083497612
USGazOhtZrL4afaQavHR,6.0,0.49261083743842365,0.549569810590155,0.5535714285714286,0.5803559275268232,1.0,0.0,6.393782874721496
0YMT6bONEdzr6PmuS7Y8,6.5,0.5192307692307693,0.5220672030541019,0.45662100456621,0.5373548949075987,0.0,0.0,6.59364617896434
2QD6ovcQDa80IgSKbpRi,6.0,0.4975124378109453,0.4287683090957156,0.5535714285714286,0.5527032636772369,,1.0,5.793272583634989
be5EliBDK96OTtu5YYqP,6.0,0.5145631067961165,0.5422319417277641,0.45248868778280543,0.5186895582804769,1.0,0.0,6.356753687349669
DvCAPyIlfDomh0f69pCN,6.5,0.4807692307692308,0.45285235842858457,0.6296296296296297,0.5212401159314205,0.0,1.0,6.196828616381789
9XO2Q9earMxgUgeIIBcg,6.0,0.5098039215686274,0.4889582721396531,0.588477366255144,0.62684417943059,1.0,0.0,6.087469298127589
cuaxCjdURhkrQQKZCwHn,6.5,0.4830917874396135,0.4930091497458672,0.6108949416342413,0.6420220165525865,0.0,0.0,6.436269102889839
Fjmxu94B0Jm2AaSLCrSt,6.0,0.4975124378109453,0.49348652675433685,0.3787878787878788,0.43349257291322085,1.0,1.0,6.112416213976798
8SLcQwbRw2OA7RpHhjD4,6.0,0.5145631067961165,0.49217452083036156,0.4672897196261682,0.5381815574148451,0.0,1.0,6.103807366319873
2Wma5De2U5LQfvXOnEFV,6.0,0.49019607843137253,0.517283585809921,0.42016806722689076,0.40141573325757535,1.0,0.0,6.2305993918922065
IX2I3wSF7VnpWyg66Ubj,6.5,0.5,0.4796645719987194,0.6226415094339622,0.6197313195262262,0.0,1.0,6.358265655748912
pw2OxRGW7NKBlf2qbAcS,7.0,0.4484304932735426,0.416527063257266,0.5,0.5391193880054315,,1.0,6.730218470473429
ZNtxU1pzRdq1I8buAkOs,6.5,0.4784688995215311,0.45040972285800723,0.5215311004784688,0.6360064360077753,0.0,1.0,6.195033529144219
YxRmNsO1cH3MZEQZfVei,6.5,0.5121951219512195,0.48280572849427533,0.5951417004048583,0.6054425651667787,1.0,1.0,6.374578928399062
QRDNo27CIPW3UiHjAzAV,6.5,0.49019607843137253,0.5316112758427826,0.40160642570281124,0.557700527243713,0.0,1.0,6.649989968515811
x9Z0bav0cHCm14SqdHA1,6.5,0.4878048780487805,0.5287481824178024,0.4672897196261682,0.5924736530738545,0.0,0.0,6.635159604695497
buWUYnakOEe0szEOUpgR,6.5,0.5,0.4896176433462122,0.6296296296296297,0.6273021964667514,0.0,1.0,6.415331621445051
nU14tgNX8SaPVbYBvP5X,6.5,0.4878048780487805,0.4254956147221986,0.7183098591549296,0.6525562231770452,1.0,0.0,6.058891025834934
RYWeYhXPeWi8bIT8ls66,6.0,0.5215311004784688,0.4659759282976753,0.5283018867924528,0.5409659208620266,1.0,0.0,5.975017019388961
RE40OWbA3L7HIk133ZOJ,6.0,0.4878048780487805,0.5115756532871234,0.5215311004784688,0.56395748544264,,1.0,6.200380780443875
boaldd72xsabSlIrepFH,6.0,0.4694835680751174,0.4965549911685574,0.6323529411764706,0.6310696086217515,1.0,1.0,6.124637747472495
ZLCg1JBPXqC1Nwf7Q5qq,6.5,0.49019607843137253,0.5201150394489177,0.4784688995215311,0.4873763177080743,1.0,0.0,6.584341386783089
ypkbrG4mOVghXINkPPgP,6.5,0.49019607843137253,0.5039428699136437,0.38022813688212925,0.442498797879541,0.0,0.0,6.494280388821389
ZgUYKOb5Taq6opqtqc2l,6.0,0.5192307692307693,0.4306431880492104,0.6515679442508711,0.6876768370616109,1.0,1.0,5.806356669828372
IYJlfUKRtQrmJ0ktmi26,6.5,0.5098039215686274,0.49078527167845526,0.6453900709219859,0.6310831931911611,1.0,1.0,6.422373911109398
4Sp2aplgd0e3wzYMR4UA,6.0,0.4878048780487805,0.5331771460606273,0.45662100456621,0.4986037350847688,1.0,0.0,6.3114020435969636
XwDtCAqfsAA63Gk7jJQK,6.0,0.4694835680751174,0.5189358910787,0.41841004184100417,0.5171083108652167,1.0,0.0,6.2381997444187345
Bhm2fF7tbDDyxIZHNQj6,6.5,0.54337899543379,0.5175386312808545,0.5633187772925764,0.5730889646097983,1.0,1.0,6.568525634123648
2Dd29HdwemQAxx9bmbAf,6.5,0.49019607843137253,0.44644888077053274,0.726027397260274,0.7231597881538123,0.0,1.0,6.185546437230889
Vf12ftcvzDcwZs3VtizR,6.0,0.5215311004784688,0.5323304002304872,0.5327102803738317,0.5388258523461503,0.0,0.0,6.305604558368218
iTR4LMP3Ew3YUMkaWrMF,7.0,0.46296296296296297,0.34835602199072213,0.7402597402597403,0.6536946679507945,0.0,0.0,6.398675567613994
E6oTtC6ztAa9r4usDWYX,6.0,0.5192307692307693,0.49214031902468863,0.41841004184100417,0.4115373919926594,1.0,1.0,6.105946174140639
uvqPXhqBBno00qBcWQDi,6.0,0.5073891625615764,0.5157958012963451,0.7175141242937854,0.7080274848440344,1.0,0.0,6.21597973946045
7hWu9LW4LQfgfyBHoUTd,6.5,0.5024875621890548,0.4789126347084917,0.5535714285714286,0.5548371361865998,0.0,1.0,6.345816751901526
ZwKE5VpeiF2flXVlqkEa,6.0,0.4608294930875576,0.41714215309974334,0.5327102803738317,0.5961329258385157,1.0,0.0,5.737483575055325
Afpid9YKWTb0p95IEhz8,6.5,0.5215311004784688,0.5637187866695526,0.6753246753246753,0.5862594022623164,1.0,1.0,6.84298609085593
uycieo6RX0CpPENlPHZP,6.5,0.49019607843137253,0.492811082137374,0.4672897196261682,0.5872333193659998,1.0,0.0,6.4285248821333365
OsIk8WATXhSHbM3xFAvB,6.5,0.49019607843137253,0.5029307403860722,0.4878048780487805,0.5454731785197388,1.0,1.0,6.482776770243092
aCniBcIDKHJFYcQHAn4V,6.0,0.5098039215686274,0.502552536150603,0.6402877697841727,0.6528320514883625,1.0,1.0,6.152859760515563
wRhJnEFCfhJwo0AxSQpB,6.5,0.49504950495049505,0.41773918836983853,0.5073891625615764,0.5033368194861977,0.0,0.0,6.000552129425857
vdDAcawEyDmubPsWm5vy,6.0,0.5121951219512195,0.40800776980610587,0.45248868778280543,0.48717221322866444,1.0,0.0,5.690639859313294
Sq6A20azyCTM9pp4560G,6.0,0.49504950495049505,0.4663702255691789,0.5780590717299579,0.6619252881128841,0.0,1.0,5.976786548425977
8amEAfjW9ADzohi3zxHY,6.0,0.5215311004784688,0.37377305193566335,0.47619047619047616,0.519522645254785,1.0,1.0,5.522742904586251
0uWhdlMtTWWFM7Rll2Pj,6.0,0.49019607843137253,0.47426449227606104,0.5535714285714286,0.6375450358420406,0.0,1.0,6.015343247690002
RKaoPVnKeUgdJgTQ8wpw,6.0,0.5327102803738317,0.525432333784606,0.43859649122807015,0.6011229493565057,1.0,0.0,6.270404391251596
tC8KvVMM8tjpG3tbfmNw,6.5,0.54337899543379,0.46449862361951016,0.5,0.5161948135596905,1.0,0.0,6.262106687609199
t69cRrLuKq8oxQCIfcXK,6.5,0.4716981132075472,0.43551776339519715,0.49261083743842365,0.45251255222571546,0.0,1.0,6.1019684341546645
zvtZ54BJwESCdZ4POVgg,6.5,0.49019607843137253,0.4852761922353538,0.4784688995215311,0.4535567276200368,0.0,1.0,6.3858711089815445
kPuKRKOuvCCYKQ3ZAUMA,6.5,0.47393364928909953,0.4655654104569231,0.7607655502392344,0.6574702008375178,0.0,1.0,6.281451556872327
XrrTl6F811UwQcvWiBQJ,6.0,0.5192307692307693,0.4187740889826429,0.37037037037037035,0.4092161256445366,1.0,1.0,5.743341263620973
uTySZtuCB2ypIbSuBVA0,6.0,0.5098039215686274,0.49759508043453293,0.7109826589595376,0.6735519962511255,0.0,1.0,6.127212685632304
xoTKmcLoFcLcB58qVGLW,6.0,0.5192307692307693,0.5098814812239209,0.49019607843137253,0.44553520738549335,0.0,1.0,6.194867988645384
OzSWE3iTeljF04jQJ9hj,6.5,0.5098039215686274,0.5649633815974197,0.5798319327731093,0.49268618190684654,1.0,0.0,6.849952866638905
B08uFWrf6NQYrttKc3yt,6.5,0.4784688995215311,0.42599193830344995,0.6428571428571429,0.6323323947335675,0.0,0.0,6.059334106597441
weHnPu0FBp9yEKkOMDbr,6.0,0.5145631067961165,0.4902070928105443,0.6323529411764706,0.6275716567992605,1.0,1.0,6.093586509697898
bd04LAXg9ETkq8VPcLbw,6.5,0.5348837209302325,0.46858337659938926,0.3937007874015748,0.5818898179683681,0.0,1.0,6.291367361290615
bUNdxYIxhz8nyy2GxLBf,6.5,0.5348837209302325,0.475490499880129,0.6363636363636364,0.6915089302090501,0.0,1.0,6.340098831110671
EkEMH5nchjs0FyT70XQp,6.5,0.5169082125603864,0.5468448856922865,0.4672897196261682,0.5177572397207034,1.0,0.0,6.741825055682603
vSmXRsJFvun7zaIWxgsO,6.0,0.5073891625615764,0.46162364118848354,0.5192307692307693,0.5673651562152794,1.0,0.0,5.953441987636767
2ZCs2sUVfAjtyr82IGad,6.0,0.5192307692307693,0.44172618372922146,0.658703071672355,0.6833651312675603,0.0,1.0,5.859456749246713
T0YQYogXysGzTDTA379L,6.0,0.4807692307692308,0.5280620335777716,0.4444444444444444,0.4909813048337019,0.0,0.0,6.285734779986093
djgeoNKX4On6dXi4CT4i,7.0,0.45248868778280543,0.37879706032557064,0.5238095238095238,0.5049983170704472,0.0,1.0,6.547953953428011
cAjejwpuiZqXxA8WdsAZ,6.0,0.4830917874396135,0.4770132843253091,0.5098039215686274,0.5807298489265404,0.0,0.0,6.029028840447939
LJ5HBxOjlmovp3bxLuTa,7.0,0.4608294930875576,0.386460671515617,0.7005988023952096,0.661598561163538,1.0,1.0,6.583705688387616
UrmF0r75MgjeX62XpO1N,5.5,0.49019607843137253,0.4911844052151895,0.5327102803738317,0.4959995629153184,0.0,0.0,5.7828863780738855
Z0DAMvX6AkmppM4AJTC7,6.0,0.5073891625615764,0.49299346758841167,0.5815899581589958,0.5603340902525678,1.0,0.0,6.1077324957979595
530kcYNjJY0h2NCz6HOt,6.0,0.45454545454545453,0.4234195647593858,0.40816326530612246,0.5120530796757117,1.0,0.0,5.766821786691566
x8ifgpyhyHXh1jeXABqP,6.0,0.5098039215686274,0.484614452672798,0.6402877697841727,0.6218956382479318,1.0,1.0,6.066251614706275
ypuV5tZMJUVsNl4Eeqc1,6.0,0.5098039215686274,0.5343258666763352,0.5689655172413793,0.5356055203647336,1.0,1.0,6.315893755978741
H0ZQnljANFwlFrkc28p9,6.5,0.5327102803738317,0.4176207160509464,0.4672897196261682,0.4942437368610551,1.0,1.0,5.999872742529006
Qmq7V2DTJiW72YPfZgmZ,6.5,0.49504950495049505,0.5109010229229682,0.54337899543379,0.5660295898838391,1.0,0.0,6.529746549561503
eGuRqO5MkZC1CkNNUCIx,6.0,0.5169082125603864,0.4919068954155772,0.5475113122171946,0.5481664284170101,0.0,1.0,6.102271650328075
pot2CLaJgSmn7Mm8KaWF,6.5,0.4784688995215311,0.5169139450352747,0.6168582375478927,0.6635150116854924,1.0,1.0,6.572309774536879
Cac67u7IfMsMBlBXX63Q,6.0,0.45454545454545453,0.40057612571601403,0.4132231404958678,0.5246351152555153,1.0,1.0,5.654596295715863
3JZSOR6Y5UcoyGsCkUVH,6.5,0.5535714285714286,0.47103573383962977,0.5412844036697247,0.6036059702925396,1.0,0.0,6.3082738120922555
bUJvSsS9SSpht7mzbs17,6.0,0.5024875621890548,0.45815727647353727,0.6389891696750902,0.6620708247017312,0.0,0.0,5.937274777114874
4wpcgLkVZ41NZj1b6uUI,6.5,0.5,0.5148672084638737,0.54337899543379,0.5973438494934293,0.0,1.0,6.555536457233719
EHppcTu2dXYloyOjfK2C,6.5,0.4784688995215311,0.4221219499895825,0.6441281138790036,0.6783714431572755,1.0,1.0,6.044054039476427
aVI7HYIVef9xitGtutGS,7.0,0.49504950495049505,0.3502107935047505,0.6268656716417911,0.6070854388085299,,0.0,6.40929373824049
Ui76KMRVSTFjq4IOPgHT,6.0,0.4854368932038835,0.48795043680828315,0.5535714285714286,0.5829777475246293,0.0,1.0,6.083015284841327
oH1QpbXS5uMnMeekHBye,6.5,0.504950495049505,0.453788376634497,0.4366812227074236,0.5180917828587415,1.0,1.0,6.201879401295415
phiERyAsQa9Axx39c31g,6.0,0.5098039215686274,0.501836908073654,0.5,0.5915992305872634,0.0,0.0,6.152244831708954
MBKSpKKqcW50HVaD6vqX,6.0,0.45248868778280543,0.4892396073416639,0.5708154506437768,0.5339517538665252,0.0,1.0,6.089235015623464
5fnH8SHba32bx4rrvcx3,5.5,0.4716981132075472,0.5274337588505549,0.601593625498008,0.6290446211547921,0.0,1.0,5.965006432079351
9QOPPXMkkDHIsytKkWRn,7.0,0.4784688995215311,0.4128894989167124,0.45662100456621,0.5143954583100728,1.0,1.0,6.713714403901394
N8b69cIIak3Wk78QuUxR,6.0,0.49504950495049505,0.5353813756330906,0.5708154506437768,0.5634170310905414,1.0,0.0,6.3208285978275995
Gfpp1BeAJFhKaBJvaRRv,6.0,0.49019607843137253,0.41141147482159135,0.5815899581589958,0.6289511330397262,0.0,0.0,5.710965846565224
dD1r5WyK8Pp9q5jqFFkj,6.0,0.5098039215686274,0.5331171508150037,0.5391705069124424,0.5007740449066808,0.0,0.0,6.310979756331623
uFhuPm0HL5BhnjNSV1sA,6.5,0.5215311004784688,0.38968598453295983,0.4784688995215311,0.5491492724044619,1.0,0.0,5.847564235100725
gEF5psuJ8Jko7Zs0D949,6.0,0.5098039215686274,0.4890031094938765,0.5145631067961165,0.5534294995010581,0.0,0.0,6.087730029570671
JOdGGKFDQzIw8w9rP8Ub,6.5,0.5098039215686274,0.417122801720761,0.42735042735042733,0.45530779747139183,0.0,1.0,5.996894997667645
2DjSu6V2VTtONqSiN3VI,6.0,0.49504950495049505,0.4843296289721225,0.425531914893617,0.4637820984480617,1.0,1.0,6.0658345655827235
RPL9zcGh3lhmtvajuABC,6.5,0.4854368932038835,0.5228560580284074,0.5215311004784688,0.4735187184766779,0.0,1.0,6.60079798052662
mmlLICCCfgq4ZkIH2sW2,6.0,0.5024875621890548,0.4152688214952295,0.574468085106383,0.5264235754665337,0.0,0.0,5.726828792955392
oMZb8NCwDGuClftunH8V,6.0,0.5121951219512195,0.5110104506794197,0.4366812227074236,0.4872812699063481,0.0,0.0,6.199575715558978
AFYE0GfADJuZjPPCM7lU,6.0,0.4784688995215311,0.4231990767423909,0.40816326530612246,0.43888257309543516,1.0,0.0,5.764928713287674
ToWuGWU0la2TQMEra05Y,6.5,0.49261083743842365,0.45183199597317614,0.6031746031746031,0.5523773340412961,0.0,0.0,6.192902988259451
LaZBrlOgjomVqZM1wU5q,6.5,0.54337899543379,0.5337540692987116,0.6,0.5566509977266186,0.0,1.0,6.6628189195136125
ThPm4njsXDzL0cnrgcjL,6.5,0.5098039215686274,0.46602183200491154,0.6763754045307443,0.671514398228449,1.0,0.0,6.285777020767693
4N7WtpwtquAlM2TB1skb,6.0,0.4807692307692308,0.48323533915420097,0.4975124378109453,0.5540013898748056,1.0,1.0,6.059077902881695
RIAZMHXl3jZwYwHKkicJ,6.0,0.49019607843137253,0.4525109567272289,0.5305164319248826,0.587035823942785,0.0,1.0,5.908453379881961
g1mP70019qnnxAOuxApi,6.0,0.5121951219512195,0.5251870997771803,0.6441281138790036,0.5977988577069715,1.0,1.0,6.269113639393662
DHEIym7sE0TksHt8lt0H,6.0,0.49019607843137253,0.4444995901204772,0.5815899581589958,0.5309998512330121,0.0,1.0,5.870482548107016
aEhqDVmkjbJjbGZgVRrJ,7.0,0.4694835680751174,0.38063310521018834,0.6108949416342413,0.5912852501400382,,0.0,6.557779025740991
c3W9qsQcI8g4nAX5lHVZ,7.0,0.44642857142857145,0.4130261596162552,0.6503496503496503,0.5774784360018466,0.0,0.0,6.712768928688237
FrfzbHlSEqZtUDR657Sr,5.5,0.5,0.5137760201019754,0.5815899581589958,0.5423171934295112,1.0,0.0,5.9023168602339195
SiCkuD9TfQNPYpnJsagC,5.5,0.5,0.5142500507937598,0.5614035087719298,0.4893031672612668,0.0,0.0,5.908749722345536
ICMvDvnIzw3DVekK11ep,6.5,0.5215311004784688,0.526431381712804,0.6742671009771987,0.586145174457705,0.0,1.0,6.6209871631010895
gMfzjkdhDo6WGKEysFuW,6.5,0.54337899543379,0.5472505740135751,0.5901639344262295,0.5936837842840539,0.0,0.0,6.7445655824425135
fbRRCKT5FZYpRxJLzEC2,6.0,0.45871559633027525,0.44754950757707107,0.4444444444444444,0.5197363379294413,0.0,0.0,5.885762906984929
ZtbAGucZJPN7ggkH89No,6.5,0.5,0.3650754503105964,0.6428571428571429,0.6492106980162261,1.0,1.0,5.724628963750977
6gKDA2bkaAYMDidP0npq,6.0,0.47393364928909953,0.4790729182255734,0.6240601503759399,0.6138804044501001,1.0,1.0,6.03919290329843
sDbgFmNx6y94maV3zqPP,6.0,0.45871559633027525,0.43614691223820556,0.49504950495049505,0.5310272498301103,0.0,0.0,5.829491889586897
OhQAaVLQH5cur1T4Fvm7,6.5,0.5370370370370371,0.48866568134921545,0.6610169491525424,0.6308879466477441,1.0,0.0,6.410335640249807
lrZ3kjTYhhqSwKFUZlWs,6.0,0.4716981132075472,0.48321987278153067,0.54337899543379,0.5893137570704069,1.0,0.0,6.059685489719998
J4gorJsuBk4SqzFNjAVR,6.5,0.5,0.44483336493005027,0.5535714285714286,0.5887396548276179,1.0,1.0,6.159441627700804
fo8Rb2VyAhBlfOonOncD,6.5,0.4830917874396135,0.44617756900115485,0.5780590717299579,0.52852486061138,0.0,0.0,6.159926151799173
eJoEXmCDRx2cF0vQPT6X,7.0,0.4444444444444444,0.4023350317438206,0.4366812227074236,0.5145966564980134,0.0,0.0,6.662706355793836
eobcEm5tjFP6KCCAtZwT,6.5,0.5327102803738317,0.501523537911487,0.5614035087719298,0.5570290653011212,0.0,0.0,6.4748570443885916
ftvn0CG16z6789uFCFi2,6.5,0.4975124378109453,0.4733728378543961,0.5901639344262295,0.5414154326297176,1.0,1.0,6.313848112448443
CHBXeuczWHiio87JhMJv,6.0,0.5,0.47184189921919023,0.5305164319248826,0.4948375914802548,0.0,0.0,6.0042753143481296
wSpHd4tjaTEeBLwvsxgo,6.5,0.4854368932038835,0.48268386214104814,0.6226415094339622,0.5923842483914517,1.0,1.0,6.372204114223091
h5UdxEyMro9VMb5vZ16P,7.0,0.4424778761061947,0.34939685144917276,0.44642857142857145,0.5109059420101539,,0.0,6.403006980048555
CG1EWrm4s6KY6j8whz6y,6.5,0.54337899543379,0.5201878321686103,0.4807692307692308,0.5587514165228036,1.0,1.0,6.582449110192877
xjLc1u0TEKvudgqAo2Jq,6.5,0.5215311004784688,0.5123820357534904,0.46511627906976744,0.46131250322703565,1.0,1.0,6.540833423345181
d4my54htQNM1jl3iLKgc,6.0,0.5,0.545935638006991,0.6,0.6114985873177489,1.0,0.0,6.374850484196941
oOWlJrU5T89oQ8MErVJz,6.0,0.4716981132075472,0.44171731948916715,0.4366812227074236,0.4601785356504625,0.0,1.0,5.854701460629873
O9v8YtycFHDaJOZPBMgJ,6.0,0.5215311004784688,0.5050232202721978,0.45662100456621,0.4535890952991902,1.0,1.0,6.170566069548063
lUobZzvgMAfCm6SFogBT,6.5,0.5,0.5063706468805205,0.5215311004784688,0.4920876332954799,0.0,1.0,6.504150530982268
6j20VBPBmFc6lQjCteuj,6.5,0.4716981132075472,0.43680186279018535,0.7175141242937854,0.6553898233130188,1.0,0.0,6.121571934495948
GuxqPf0GzKIwRuZ9BgLZ,6.0,0.45871559633027525,0.47391285649632164,0.47393364928909953,0.4777348048459052,0.0,1.0,6.0142562188891695
EKVtak2Whtg6QWil2UOI,6.5,0.5098039215686274,0.4387607856952818,0.5614035087719298,0.5953095168114816,1.0,0.0,6.126594231940925
xGByb6lLuFoSwv4M9eY9,7.0,0.49019607843137253,0.44312270582995084,0.5708154506437768,0.6128636863212426,0.0,1.0,6.854838013022851
AVjQdUbgRBRZMw9XuQzM,6.5,0.49019607843137253,0.4414375537593155,0.6466431095406361,0.6000722037555611,1.0,1.0,6.142285073843852
BRv9407p0aldNbNofhWL,6.0,0.4672897196261682,0.43154093664406673,0.5098039215686274,0.5487475498951779,1.0,0.0,5.806798589992762
x3MXRkYvez94O8hOUBx6,6.0,0.49019607843137253,0.5168611877345317,0.6153846153846154,0.6203672271299968,0.0,1.0,6.225393113504601
eKCHe61xOV6AhrpelWyk,6.5,0.5,0.44576845082931643,0.6047430830039525,0.629224768123355,0.0,0.0,6.168779480975491
MqPjPy8zFccyb2ou54f5,6.0,0.49019607843137253,0.48069897507760434,0.5983935742971888,0.6619219345175168,1.0,1.0,6.045810523145165
6iwNisUDXuDrcarADk5j,6.5,0.5475113122171946,0.566541394188603,0.6240601503759399,0.597319821181786,1.0,0.0,6.859260892511354
AtA0VWElEasGWAWO5alH,6.0,0.4784688995215311,0.43182377109529085,0.5,0.548686892178651,,0.0,5.8081790612044015
hvvrUXtZqVFAVG5rOYG0,6.0,0.46511627906976744,0.4330202704708986,0.5815899581589958,0.5671375679449062,0.0,1.0,5.8139652174953245
xigooBrMOwoMYhpO6hqD,6.0,0.4830917874396135,0.5064541869864829,0.4807692307692308,0.48115491050481196,0.0,0.0,6.176890190333495
MeDY9A7zO2Nv6vdnY3bo,6.5,0.5098039215686274,0.5071712327093032,0.6197718631178707,0.6381485604868141,0.0,0.0,6.515746317218321
lQ860wLFhwAKvpCrsNa1,6.5,0.4784688995215311,0.4044187152215081,0.6632996632996633,0.6602361222752697,0.0,0.0,5.944889395547425
mPZ1Zt7HXLUocoQqxPka,6.5,0.5412844036697247,0.4868813673639749,0.49261083743842365,0.44964470155747827,0.0,0.0,6.395561667890187
2U2ZBURVzwMkAEVIW71T,6.0,0.4854368932038835,0.3956526774285804,0.5327102803738317,0.5308229475023686,0.0,1.0,5.630643837894127
xU5ZfhJff2GYskvEuXAf,6.0,0.5215311004784688,0.5027043987193582,0.6168582375478927,0.6205418872130076,0.0,0.0,6.155485379781458
cGZxVlfWwlZcQgvSLz9j,6.0,0.49019607843137253,0.468128451482171,0.6240601503759399,0.6069831882018971,1.0,1.0,5.985379505508743
7LukaSPGCqZJHiaMlQyr,6.0,0.4854368932038835,0.533010471613588,0.45662100456621,0.4882526497693829,0.0,0.0,6.311109110949056
7IDLmyY6Mv3o2SMua1ar,6.5,0.47393364928909953,0.5097005176831682,0.3861003861003861,0.4629702210096889,1.0,1.0,6.52526652032112
Lwr1nvD7vdZovYDDwHd7,6.5,0.5327102803738317,0.4985914966154478,0.6197718631178707,0.625381144142072,1.0,0.0,6.465903700977493
BRdm92QJZgzsY4NdcUpE,6.5,0.4672897196261682,0.5217189182047467,0.5391705069124424,0.6623281734237629,0.0,0.0,6.599487570868407
yUMfLBPE969Sg5mb5R1B,6.5,0.49261083743842365,0.5644599470500866,0.5,0.4749484913606634,0.0,0.0,6.847191173513685
qJ65GoCVtmFuD2NVfuYh,6.0,0.504950495049505,0.48324034923462506,0.4366812227074236,0.4808376451341444,1.0,0.0,6.060144204618375
YjP8V66kYaiDpC5KIXQD,6.0,0.5169082125603864,0.49209039508102076,0.6904024767801857,0.68235036265092,1.0,1.0,6.0992660063756405
laI3jc6QklN4ku6q7Kem,6.5,0.4878048780487805,0.48971135462798454,0.5192307692307693,0.5703482349505963,1.0,0.0,6.4088963493138085
LN9LFVCPhdRnNb7FEBjw,6.0,0.5215311004784688,0.4796896621950516,0.49504950495049505,0.5897257279786242,1.0,1.0,6.042313697744173
4PPNm267OfomtR4lYBYx,6.0,0.49019607843137253,0.4292252508741315,0.5283018867924528,0.5182333144046684,,0.0,5.795521226422801
e6I9MvrriAfHZXsSglWN,6.0,0.4784688995215311,0.49403793449428723,0.6855345911949685,0.6477585725181287,1.0,1.0,6.111608600216969
46xdMoFTCqtLXdKuauhC,6.5,0.5,0.48715904712642505,0.5535714285714286,0.5529336240100299,1.0,1.0,6.392335219411242
YZchqPSzrmAPugQFwYz9,6.0,0.5,0.4105094544406231,0.5169082125603864,0.5007694749497543,1.0,1.0,5.702715348721465
XM1XlTqS5Hi97beazc2w,5.5,0.5,0.46441217912183524,0.5024875621890548,0.5220050107102914,0.0,0.0,5.636429767333824
mg0zZqxLxu4MppdtZwZt,6.0,0.5215311004784688,0.5603492373765911,0.6062992125984252,0.6512323725984881,0.0,1.0,6.445379026928283
LCxjILpnH3KSv1NI5IQw,6.5,0.4784688995215311,0.4099272826122385,0.5535714285714286,0.5093262507704215,1.0,0.0,5.957797201835641
Hthcg3uWkEiyORanNGXG,6.0,0.49019607843137253,0.5010618945232567,0.425531914893617,0.385617671368364,1.0,0.0,6.149851005119944
f4iBXPIlrRVIHjuj0WqF,6.5,0.49019607843137253,0.46425427306750267,0.5327102803738317,0.5054056235441884,0.0,0.0,6.260143278056322
LzN7pNYqpon0fpQjXBph,6.0,0.5121951219512195,0.5321580127730899,0.5495495495495496,0.49614644950493636,1.0,0.0,6.306341970445788
F028Xf5VJsWp6XVGWZSI,6.5,0.4975124378109453,0.4533355065707556,0.5370370370370371,0.5853211336868133,0.0,1.0,6.206372903422662
AzHF9lqyYXrX40v5QSbE,6.0,0.5169082125603864,0.5208298738433612,0.5327102803738317,0.578956763910581,0.0,0.0,6.246652852346601
M6MMfdqYmbPOTOK2lshY,6.0,0.5192307692307693,0.5561431312920428,0.41841004184100417,0.5172422071524985,0.0,1.0,6.427803209228871
za4xUndLuhZNjeTTz7XL,6.0,0.4807692307692308,0.44247577113590614,0.5934959349593496,0.5263467064988394,0.0,1.0,5.860665503810709
iBKiGXDKU7b0qklATirD,6.5,0.49019607843137253,0.5229069611871653,0.35842293906810035,0.42277275623218386,0.0,0.0,6.605117491944719
wvgishxJpVn5mQc9BjtX,6.0,0.4784688995215311,0.388779709864606,0.6168582375478927,0.6294440779050385,1.0,1.0,5.6020644989942
v89Rew5WTQh5es4Jllt5,6.0,0.5169082125603864,0.5332741380529383,0.5780590717299579,0.48177970121709485,0.0,1.0,6.312802665464186
5fUs4oJe60zWyae9osjg,6.0,0.5145631067961165,0.5077158688798008,0.4166666666666667,0.4276667279878343,0.0,0.0,6.183550532203628
TBH04NTaPbB0VXnotc2F,6.0,0.5073891625615764,0.4871537770669085,0.42735042735042733,0.4940327489759056,1.0,0.0,6.079537429817455
Ig3OUmwqYruUUlJIfHiR,6.5,0.5098039215686274,0.5055955490540739,0.47619047619047616,0.44274695672634423,1.0,1.0,6.503722235306882
1gCPrHTDOo0y5ExUGJgl,6.0,0.5215311004784688,0.4323479662763538,0.7340425531914894,0.6720538181867591,0.0,1.0,5.813776555862176
