tier,game,pick,role,pp,book,odds,implied,model_p,mkt_p,blend_p,ev,ceiling,stake,src
CORE,PIT@PHI,Porter Martone over 3.5 shots on goal (4+),f1,PP1,fanduel,270,0.2702702702702703,0.3233512710199938,0.3203074232754924,0.321524962373293,0.1896423607811841,237.0,0.3333333333333333,model+market
CORE,PIT@PHI,Evgeni Malkin over 0.5 assists (1+),f2,PP2,fanduel,180,0.3571428571428571,0.4444529613588395,0.3783254825600347,0.4047764740795566,0.1333741274227584,163.0,0.3333333333333333,model+market
CORE,PIT@PHI,Travis Konecny over 2.5 shots on goal (3+),f2,PP2,fanduel,215,0.3174603174603174,0.3608126174047958,0.341570833091898,0.3492675468170571,0.1001927724737299,208.0,0.3333333333333333,model+market
CORE,NYI@TOR,William Nylander over 1.5 points (2+),f2,PP1,fanduel,265,0.273972602739726,0.2946888606730223,0.2955195856342049,0.2951872956497319,0.0774336291215214,270.0,0.5,model+market
LEAN,PIT@PHI,Travis Konecny over 1.5 points (2+),f2,PP2,draftkings,370,0.2127659574468085,0.2120504915823215,0.2712744691683035,0.2475848781339107,0.1636489272293806,349.0,0.16666666666666666,market (price-shop)
LEAN,LAK@COL,Adrian Kempe over 3.5 shots on goal (4+),f1,PP1,draftkings,255,0.2816901408450704,0.2949513821299392,0.3240203553663434,0.3123927660717818,0.1089943195548253,248.0,0.25,market (price-shop)
LEAN,NYI@TOR,Bo Horvat over 1.5 points (2+),f1,PP1,fanduel,350,0.2222222222222222,0.193039836807956,0.2799663281494883,0.2451957316128754,0.1033807922579392,354.0,0.25,market (price-shop)
LEAN,PIT@PHI,Owen Tippett over 3.5 shots on goal (4+),f1,PP2,fanduel,280,0.2631578947368421,0.316130503167954,0.2682753930914722,0.2874174371220649,0.0921862610638468,281.0,0.16666666666666666,model
LEAN,PIT@PHI,Trevor Zegras over 1.5 points (2+),f1,PP1,fanduel,330,0.2325581395348837,0.2144000053059203,0.2774514843202935,0.2522308927145442,0.08459283867254,340.0,0.16666666666666666,market (price-shop)
LEAN,LAK@COL,Nazem Kadri over 3.5 shots on goal (4+),f2,PP2,fanduel,325,0.2352941176470588,0.2951837040051266,0.2266346641593574,0.254054280097665,0.0797306904150765,337.0,0.25,model
LEAN,NYI@TOR,Tony DeAngelo over 2.5 shots on goal (3+),d3,PP2,draftkings,235,0.2985074626865671,0.2998688587005316,0.3372232767072073,0.322281509504537,0.0796430568401991,236.0,0.25,market (price-shop)
LEAN,PIT@PHI,Porter Martone over 0.5 assists (1+),f1,PP1,draftkings,180,0.3571428571428571,0.4276074478979788,0.3472086972521542,0.379368197510484,0.0622309530293552,182.0,0.16666666666666666,model
LEAN,LAK@COL,Devon Toews over 2.5 shots on goal (3+),d1,PP2,draftkings,250,0.2857142857142857,0.2596239997930454,0.3313829616268763,0.3026793768933439,0.0593778191267038,260.0,0.25,market (price-shop)
LEAN,PIT@PHI,Trevor Zegras over 2.5 shots on goal (3+),f1,PP1,fanduel,225,0.3076923076923077,0.3688410010508938,0.2961331286403261,0.3252162776045532,0.0569529022147978,233.0,0.16666666666666666,model
LEAN,NYI@TOR,John Tavares over 2.5 shots on goal (3+),f2,PP1,fanduel,154,0.3937007874015748,0.4477066046120599,0.3870630704962462,0.4113204841425717,0.0447540297221322,159.0,0.25,model
LEAN,PIT@PHI,Rickard Rakell over 2.5 shots on goal (3+),f1,PP1,fanduel,132,0.4310344827586206,0.4638425261836383,0.4373691451358051,0.4479584975549384,0.0392637143274572,136.0,0.16666666666666666,model
