game,player,book,odds,lam_tot,p_model,p_mkt,p_blend,implied,ev,fair,kill
LAK@COL,Nathan MacKinnon,fanduel,850,6.286408789566666,0.07776339163242253,0.08766189475969952,0.08370249350878872,0.10526315789473684,-0.2048263116665071,1095,1257
NYI@TOR,Auston Matthews,fanduel,1000,6.191043747370799,0.07930629472027036,0.07353845194403291,0.07584558905452789,0.09090909090909091,-0.16569852040019328,1218,1419
NYI@TOR,William Nylander,fanduel,1100,6.191043747370799,0.06590971529307003,0.06594438983701602,0.06593052001943762,0.08333333333333333,-0.20883375976674845,1417,1688
NYI@TOR,Bo Horvat,fanduel,1200,6.191043747370799,0.06463646938965513,0.06297176484050108,0.0636376466601627,0.07692307692307693,-0.17271059341788497,1471,1764
LAK@COL,Martin Necas,fanduel,1200,6.286408789566666,0.05940056307540701,0.06525470333450492,0.06291304723086576,0.07692307692307693,-0.1821303859987452,1489,1790
PIT@PHI,Porter Martone,fanduel,1300,6.262292301858217,0.06718521443823831,0.058990543721407225,0.06226841200813966,0.07142857142857142,-0.12824223188604478,1506,1813
NYI@TOR,John Tavares,draftkings,1400,6.191043747370799,0.06828762147332891,0.05613969610720442,0.060998866253654214,0.06666666666666667,-0.08501700619518682,1539,1861
PIT@PHI,Rickard Rakell,fanduel,1700,6.262292301858217,0.06177348889105861,0.053739575655301616,0.056953140949604415,0.05555555555555555,0.02515653709287946,1656,2030
PIT@PHI,Sidney Crosby,draftkings,1300,6.262292301858217,0.056804561487568406,0.05660735640460182,0.05668623843778845,0.07142857142857142,-0.20639266187096172,1664,2042
LAK@COL,Adrian Kempe,fanduel,1500,6.286408789566666,0.059265870115519294,0.05328067905026399,0.05567475547636611,0.0625,-0.1092039123781422,1696,2089
PIT@PHI,Travis Konecny,draftkings,1600,6.262292301858217,0.05050491202059168,0.05344915159063397,0.052271455762617054,0.058823529411764705,-0.11138525203551009,1813,2266
PIT@PHI,Owen Tippett,fanduel,1600,6.262292301858217,0.057223880898835566,0.04742778684743353,0.05134622446799435,0.058823529411764705,-0.12711418404409613,1848,2319
LAK@COL,Brock Nelson,fanduel,1600,6.286408789566666,0.051214079973050254,0.05118713667859385,0.05119791399637641,0.058823529411764705,-0.12963546206160104,1853,2327
LAK@COL,Artemi Panarin,fanduel,1400,6.286408789566666,0.05179572588484247,0.050559593447869616,0.05105404642265876,0.06666666666666667,-0.2341893036601186,1859,2336
PIT@PHI,Tyson Foerster,draftkings,1700,6.262292301858217,0.05442184788107274,0.04870536968578898,0.05099196096390248,0.05555555555555555,-0.08214470264975537,1861,2340
LAK@COL,Artturi Lehkonen,fanduel,1600,6.286408789566666,0.05417638863108064,0.04670347469526905,0.04969264026959369,0.058823529411764705,-0.1552251154169073,1912,2419
PIT@PHI,Trevor Zegras,fanduel,1700,6.262292301858217,0.05193129137525761,0.04664132471941784,0.04875731138175375,0.05555555555555555,-0.12236839512843245,1951,2480
NYI@TOR,Kyle Palmieri,fanduel,1800,6.191043747370799,0.05197589983574862,0.044764814991793085,0.047649248929375304,0.05263157894736842,-0.0946642703418692,1999,2556
LAK@COL,Gabriel Landeskog,draftkings,1700,6.286408789566666,0.043028392126712105,0.04850726802062588,0.04631571766306037,0.05555555555555555,-0.16631708206491336,2059,2654
PIT@PHI,Matvei Michkov,draftkings,1800,6.262292301858217,0.046189595266034014,0.04446788869300444,0.045156571322216274,0.05263157894736842,-0.14202514487789075,2115,2744
LAK@COL,Quinton Byfield,fanduel,1900,6.286408789566666,0.04415856848397433,0.04572473119102641,0.04509826610820558,0.05,-0.09803467783588837,2117,2749
LAK@COL,Nazem Kadri,draftkings,1800,6.286408789566666,0.042682614008686746,0.04548805870330946,0.04436588082546038,0.05263157894736842,-0.15704826431625285,2154,2810
PIT@PHI,Evgeni Malkin,draftkings,1700,6.262292301858217,0.042911826267731754,0.04494138981467232,0.04412956439589609,0.05555555555555555,-0.20566784087387036,2166,2830
PIT@PHI,Egor Chinakhov,fanduel,1800,6.262292301858217,0.04142848508508139,0.04497958658154895,0.04355914598296193,0.05263157894736842,-0.1723762263237234,2196,2880
NYI@TOR,Brayden Schenn,draftkings,2200,6.191043747370799,0.044009637085164574,0.037735386474029436,0.040245086718483494,0.043478260869565216,-0.07436300547487962,2385,3206
LAK@COL,Alex Laferriere,fanduel,2200,6.286408789566666,0.0387131703099542,0.037407019311587165,0.03792947971093398,0.043478260869565216,-0.12762196664851844,2536,3480
LAK@COL,Mats Zuccarello,draftkings,2200,6.286408789566666,0.03756855881342086,0.03485035908767442,0.035937638977972995,0.043478260869565216,-0.17343430350662115,2683,3755
PIT@PHI,Alex Bump,fanduel,2200,6.262292301858217,0.039635084293777406,0.031971234032411304,0.03503677413695774,0.043478260869565216,-0.19415419484997187,2754,3894
PIT@PHI,Connor Dewar,fanduel,3500,6.262292301858217,0.022180900085419404,0.020053977495926884,0.02090474653172389,0.027777777777777776,-0.24742912485794,4684,9070
PIT@PHI,Cam York,draftkings,4000,6.262292301858217,0.013625240716306112,0.019277740760268697,0.017016740742683664,0.024390243902439025,-0.30231362954996976,5777,14152
