legs,n,payout_x,american,p,ev,fair_x,band,stake
Adrian Kempe 2+ SOG (DR -265) + Evgeni Malkin 1+ ast (FA +180),2,3.8566037735849052,286,0.30432519958360044,0.1736617131110929,3.2859585777591596,2-5x,0.0025
Porter Martone 3+ SOG (FA +106) + Adrian Kempe 3+ SOG (DR +105),2,4.223,322,0.27680875643266684,0.16896337841515208,3.6126024800925975,2-5x,0.0025
Tony DeAngelo 2+ SOG (DR -130) + Evgeni Malkin 1+ ast (FA +180),2,4.953846153846153,395,0.23523812578578732,0.16533348466190012,4.251011593718531,2-5x,0.0025
Adrian Kempe 3+ SOG (DR +105) + Travis Konecny 1+ pts (DR -135),2,3.568518518518518,257,0.31994243845211534,0.14172051647634465,3.125562225624115,2-5x,0.0025
Adrian Kempe 2+ SOG (DR -265) + Porter Martone 4+ SOG (FA +270) + Tony DeAngelo 3+ SOG (DR +235),3,17.07235849056604,1607,0.07790632848086218,0.33004476850907416,12.83592770317307,5-20x,0.0025
Adrian Kempe 2+ SOG (DR -265) + Porter Martone 4+ SOG (FA +270) + William Nylander 2+ pts (FA +265),3,18.60122641509434,1760,0.0713567416685494,0.3273229080200841,14.014092804923457,5-20x,0.0025
Porter Martone 4+ SOG (FA +270) + Adrian Kempe 4+ SOG (DR +255),2,13.135,1214,0.10044207235691856,0.3193066204081252,9.955987332146268,5-20x,0.0025
Adrian Kempe 3+ SOG (DR +105) + Evgeni Malkin 1+ ast (FA +180) + Tony DeAngelo 3+ SOG (DR +235),3,19.229,1823,0.06799975970644166,0.30756737939516676,14.705934319724799,5-20x,0.0025
Adrian Kempe 3+ SOG (DR +105) + Porter Martone 4+ SOG (FA +270) + Tony DeAngelo 4+ SOG (DR +650),3,56.8875,5589,0.025135139313955026,0.4298752377226167,39.784939622148826,20-60x,0.0025
Porter Martone 4+ SOG (FA +270) + Adrian Kempe 4+ SOG (DR +255) + Tony DeAngelo 3+ SOG (DR +235),3,44.002250000000004,4300,0.03237062269695164,0.42438023256694035,30.892207708261683,20-60x,0.0025
Porter Martone 4+ SOG (FA +270) + Adrian Kempe 4+ SOG (DR +255) + William Nylander 2+ pts (FA +265),3,47.94275,4694,0.02964922370849348,0.4214653199503757,33.727695869269404,20-60x,0.0025
Porter Martone 4+ SOG (FA +270) + Nazem Kadri 4+ SOG (FA +325) + Tony DeAngelo 3+ SOG (DR +235),3,52.67875000000001,5168,0.02632549834299778,0.38679434583619443,37.98598556315597,20-60x,0.0025
Adrian Kempe 4+ SOG (DR +255) + Porter Martone 5+ SOG (FA +600) + Tony DeAngelo 4+ SOG (DR +650),3,186.37499999999997,18537,0.008021357548593218,0.49498051311906077,124.667176839085,60x+ (100x-style),0.001
Porter Martone 4+ SOG (FA +270) + Adrian Kempe 4+ SOG (DR +255) + Tony DeAngelo 4+ SOG (DR +650),3,98.5125,9751,0.01506348777747825,0.4839418396788262,66.38568801410798,60x+ (100x-style),0.001
Nazem Kadri 4+ SOG (FA +325) + Porter Martone 5+ SOG (FA +600) + Tony DeAngelo 4+ SOG (DR +650),3,223.125,22212,0.006523391188083914,0.45553165884122326,153.29450145909854,60x+ (100x-style),0.001
Porter Martone 4+ SOG (FA +270) + Nazem Kadri 4+ SOG (FA +325) + Tony DeAngelo 4+ SOG (DR +650),3,117.93750000000001,11694,0.012250423052971256,0.4447842688097976,81.62983398009727,60x+ (100x-style),0.001
