game,market,side,line,book,odds,model_p,fair_odds,implied,model_ev
STL@DAL,ml,home,,draftkings,-185,0.5708523560464273,-166,0.6491228070175439,-0.12057880284739586
STL@DAL,ml,home,,fanduel,-192,0.5708523560464273,-166,0.6575342465753424,-0.1318287085127251
STL@DAL,ml,home,,pinnacle,-181,0.5708523560464273,-166,0.6441281138790036,-0.11375960193897205
STL@DAL,ml,away,,draftkings,154,0.42914764395357274,+166,0.3937007874015748,0.09003501564207483
STL@DAL,ml,away,,fanduel,158,0.42914764395357274,+166,0.3875968992248062,0.10720092140021764
STL@DAL,ml,away,,pinnacle,162,0.42914764395357274,+166,0.3816793893129771,0.12436682715836067
STL@DAL,ou,over,5.5,draftkings,-135,0.4865053699321571,+101,0.574468085106383,-0.15312028196994876
STL@DAL,ou,over,5.5,fanduel,-130,0.4865053699321571,+101,0.5652173913043478,-0.1392597301200298
STL@DAL,ou,over,6.0,pinnacle,-103,0.3768858723742248,+101,0.5073891625615764,-0.25720551367021716
STL@DAL,ou,under,5.5,draftkings,114,0.5134946300678429,-101,0.4672897196261682,0.09887850834518375
STL@DAL,ou,under,5.5,fanduel,106,0.5134946300678429,-101,0.4854368932038835,0.05779893793975632
STL@DAL,ou,under,6.0,pinnacle,-109,0.5134946300678429,-101,0.5215311004784688,-0.015409379044227789
NYR@DET,ml,away,,draftkings,110,0.45096536481284766,+119,0.47619047619047616,-0.05297273389301993
NYR@DET,ml,away,,fanduel,110,0.45096536481284766,+119,0.47619047619047616,-0.05297273389301993
NYR@DET,ml,away,,pinnacle,115,0.45096536481284766,+119,0.46511627906976744,-0.030424465652377553
NYR@DET,ml,home,,draftkings,-130,0.5490346351871523,-119,0.5652173913043478,-0.028631030053499762
NYR@DET,ml,home,,fanduel,-132,0.5490346351871523,-119,0.5689655172413793,-0.03503003512561109
NYR@DET,ml,home,,pinnacle,-127,0.5490346351871523,-119,0.5594713656387665,-0.0186546284450112
NYR@DET,ou,over,5.5,draftkings,-135,0.5189318276573248,+104,0.574468085106383,-0.09667422592984198
NYR@DET,ou,over,5.5,fanduel,-128,0.5189318276573248,+104,0.5614035087719298,-0.07565268198539021
NYR@DET,ou,over,6.0,pinnacle,-104,0.40858900598921283,+104,0.5098039215686274,-0.19853694979039016
NYR@DET,ou,under,5.5,draftkings,114,0.4810681723426752,-104,0.4672897196261682,0.0294858888133247
NYR@DET,ou,under,5.5,fanduel,104,0.4810681723426752,-104,0.49019607843137253,-0.01862092842094265
NYR@DET,ou,under,6.0,pinnacle,-108,0.4810681723426744,-104,0.5192307692307693,-0.07349833474744183
WSH@CAR,ou,over,6.5,fanduel,106,0.420770277521294,-106,0.4854368932038835,-0.13321322830613436
WSH@CAR,ou,over,6.5,draftkings,110,0.420770277521294,-106,0.47619047619047616,-0.11638241720528264
WSH@CAR,ou,over,6.0,pinnacle,-110,0.420770277521294,-106,0.5238095238095238,-0.19671128836843876
WSH@CAR,ou,under,6.5,fanduel,-130,0.579229722478706,+106,0.5652173913043478,0.024791047462325855
WSH@CAR,ou,under,6.5,draftkings,-130,0.579229722478706,+106,0.5652173913043478,0.024791047462325855
WSH@CAR,ou,under,6.0,pinnacle,-102,0.4688432489137351,+106,0.504950495049505,-0.07150650705319128
WSH@CAR,ml,away,,fanduel,122,0.4670221099549684,+134,0.45045045045045046,0.03678908410002979
WSH@CAR,ml,away,,draftkings,124,0.4670221099549684,+134,0.44642857142857145,0.04612952629912925
WSH@CAR,ml,away,,pinnacle,132,0.4670221099549684,+134,0.43103448275862066,0.08349129509552689
WSH@CAR,ml,home,,fanduel,-146,0.5329778900450316,-134,0.5934959349593496,-0.10196876060905635
WSH@CAR,ml,home,,draftkings,-148,0.5329778900450316,-134,0.5967741935483871,-0.10690191397859572
WSH@CAR,ml,home,,pinnacle,-146,0.5329778900450316,-134,0.5934959349593496,-0.10196876060905635
ANA@VGK,ml,away,,draftkings,170,0.4298112872323602,+180,0.37037037037037035,0.1604904755273726
ANA@VGK,ml,away,,fanduel,172,0.4298112872323602,+180,0.36764705882352944,0.16908670127201963
ANA@VGK,ml,away,,pinnacle,172,0.4298112872323602,+180,0.36764705882352944,0.16908670127201963
ANA@VGK,ml,home,,draftkings,-205,0.5701887127676398,-180,0.6721311475409836,-0.1516704517359505
ANA@VGK,ml,home,,fanduel,-210,0.5701887127676398,-180,0.6774193548387096,-0.15829285258110304
ANA@VGK,ml,home,,pinnacle,-193,0.5701887127676398,-180,0.658703071672355,-0.13437672103151044
ANA@VGK,ou,over,6.5,draftkings,-122,0.45466814201118383,-110,0.5495495495495496,-0.17265305306161627
ANA@VGK,ou,over,6.5,fanduel,-122,0.45466814201118383,-110,0.5495495495495496,-0.17265305306161627
ANA@VGK,ou,over,6.5,pinnacle,-120,0.45466814201118383,-110,0.5454545454545454,-0.16644173964616293
ANA@VGK,ou,under,6.5,draftkings,102,0.5453318579888162,+110,0.49504950495049505,0.10157035313740881
ANA@VGK,ou,under,6.5,fanduel,100,0.5453318579888162,+110,0.5,0.09066371597763245
ANA@VGK,ou,under,6.5,pinnacle,106,0.5453318579888162,+110,0.4854368932038835,0.12338362745696152
BOS@WPG,ml,home,,draftkings,-122,0.5265151664054483,-109,0.5495495495495496,-0.041915025065495715
BOS@WPG,ml,home,,fanduel,-118,0.5265151664054483,-109,0.5412844036697247,-0.027285540030612565
BOS@WPG,ml,home,,pinnacle,-114,0.5265151664054483,-109,0.5327102803738317,-0.011629424466965466
BOS@WPG,ml,away,,draftkings,102,0.47348483359455174,+109,0.49504950495049505,-0.043560636139005515
BOS@WPG,ml,away,,fanduel,-102,0.47348483359455174,+109,0.504950495049505,-0.06231434915588774
BOS@WPG,ml,away,,pinnacle,103,0.47348483359455174,+109,0.49261083743842365,-0.0388257878030599
BOS@WPG,ou,over,5.5,draftkings,-125,0.5063108009213766,+105,0.5555555555555556,-0.08864055834152207
BOS@WPG,ou,over,5.5,fanduel,-128,0.5063108009213766,+105,0.5614035087719298,-0.0981338858587979
BOS@WPG,ou,over,6.0,pinnacle,-101,0.39660002099238695,+105,0.5024875621890548,-0.2107266908963389
BOS@WPG,ou,under,5.5,draftkings,105,0.4936891990786234,-105,0.4878048780487805,0.01206285811117791
BOS@WPG,ou,under,5.5,fanduel,104,0.4936891990786234,-105,0.49019607843137253,0.007125966120391736
BOS@WPG,ou,under,6.0,pinnacle,-111,0.4936891990786234,-105,0.5260663507109005,-0.0615457567064005
