game,player,team,role,pp,market,side,line,book,odds,alt,model_mean,mkt_mean,model_p,mkt_p,toi,hist_min,note,mkt_src,model_src,name_collision,cal,implied,blend_p,edge,ev,gap,fair_blend,ceiling,decision,run_ts_utc,snapshot,m_edge,k_edge,dec,pick,tier,kelly,stake
BOS@WPG,David Pastrnak,BOS,f1,PP1,SOG,under,3.5,draftkings,-125,False,3.243790670408285,3.550763789307926,0.6336733041983241,0.5715224194687346,19.305080809204785,2352.8866666666668,,"draftkings@3.5,fanduel@3.5,pinnacle@3.5,sgo_fair@3.5",v2,False,1.1182260686839482,0.5555555555555556,0.5963827733605703,0.04082721780501475,0.0734889920490267,0.0621508847295895,-148,-133.0,pass,2026-10-02T21:36:31+00:00,sgo_slate_alt_20261002T213627Z.json,0.07811774864276855,0.01596686391317903,1.8,David Pastrnak U3.5 SOG,BASE,0.022965310015320844,0.011607191245428368
ANA@VGK,Cutter Gauthier,ANA,f1,PP1,SOG,under,3.5,fanduel,-146,False,2.922382978028437,3.4358790498812657,0.7008668799096498,0.5944637067707218,16.623295864485087,1833.5541666666663,,"draftkings@3.5,fanduel@3.5,pinnacle@3.5,sgo_fair@3.5",v2,False,1.1182260686839482,0.5934959349593496,0.637024976026293,0.04352904106694344,0.07334345275663079,0.106403173138928,-176,-158.0,pass,2026-10-02T21:36:31+00:00,sgo_slate_alt_20261002T213627Z.json,0.1073709449503002,0.0009677718113721978,1.6849315068493151,Cutter Gauthier U3.5 SOG,BASE,0.026770360256170234,0.01353035038477975
STL@DAL,Robert Thomas,STL,f1,PP1,SOG,over,1.5,fanduel,-106,False,1.9685968464447192,1.840395320582499,0.5611283428875131,0.526311134836691,18.68804235636643,1845.6466666666668,,"draftkings@1.5,fanduel@1.5,pinnacle@1.5,sgo_fair@2.0",v2,False,1.1182260686839482,0.5145631067961165,0.5402380180570199,0.025674911260903377,0.04989652565798197,0.0348172080508221,-118,-106.0,BET,2026-10-02T21:36:31+00:00,sgo_slate_alt_20261002T213627Z.json,0.04656523609139662,0.01174802804057451,1.9433962264150944,Robert Thomas 2+ SOG,BASE,0.013222579299365222,0.006682993026577271
WSH@CAR,Jordan Kyrou,WSH,f3,PP2,PTS,over,0.5,draftkings,135,False,0.6041938599434422,0.5639354490799648,0.4534851834069729,0.4310344827586354,14.636186494925454,1777.7216666666668,,sgo_fair@0.5,v2,False,1.0468644783193533,0.425531914893617,0.4400147630179704,0.014482848124353354,0.034034693092230395,0.0224507006483375,127,141.0,lean,2026-10-02T21:36:31+00:00,sgo_slate_alt_20261002T213627Z.json,0.02795326851335589,0.0055025678650183485,2.35,Jordan Kyrou 1+ pts,BASE,0.006302720943005628,0.0031855388541773572
NYR@DET,Alex DeBrincat,DET,f1,PP1,SOG,under,3.5,fanduel,-125,False,3.536514021198826,3.5490445411392613,0.5743445494976884,0.5718625464525625,18.58434807318392,2176.461666666667,,"draftkings@3.5,fanduel@3.5,pinnacle@3.5,sgo_fair@3.5",v2,False,1.1182260686839482,0.5555555555555556,0.5728553476706129,0.017299792115057278,0.031139625807103277,0.0024820030451259,-134,-121.0,pass,2026-10-02T21:36:31+00:00,sgo_slate_alt_20261002T213627Z.json,0.018788993942132848,0.016306990897006934,1.8,Alex DeBrincat U3.5 SOG,BASE,0.009731133064719774,0.004918336501512969
NYR@DET,Alexis Lafrenière,NYR,f1,PP1,SOG,under,2.5,draftkings,-155,False,2.250055125162716,2.302800781974822,0.6346550356951886,0.6213531794948814,17.94658220183404,0.0,no NHL data: 85% of positional prior,"draftkings@2.5,fanduel@2.5,pinnacle@2.5,sgo_fair@2.5",v2,False,1.1182260686839482,0.6078431372549019,0.6266739219750043,0.018830784720102356,0.030979678087910134,0.0133018562003071,-168,-151.0,pass,2026-10-02T21:36:31+00:00,sgo_slate_alt_20261002T213627Z.json,0.02681189844028664,0.013510042239979536,1.6451612903225805,Alexis Lafrenière U2.5 SOG,BASE,0.012004625259065179,0.006067411287664383
BOS@WPG,Elias Lindholm,BOS,f1,PP2,SOG,over,1.5,draftkings,-110,False,1.840367556184897,1.916815364727519,0.5263033632389283,0.5473226722796692,17.864457827843644,1916.9391666666668,,"draftkings@1.5,pinnacle@1.5,sgo_fair@2.0",v2,False,1.1182260686839482,0.5238095238095238,0.5389149486633729,0.015105424853849025,0.02883762926643918,-0.0210193090407408,-117,-106.0,BET,2026-10-02T21:36:31+00:00,sgo_slate_alt_20261002T213627Z.json,0.0024938394294045096,0.023513148470145406,1.9090909090909092,Elias Lindholm 2+ SOG,BASE,0.007930348048270773,0.00400817869985991
WSH@CAR,Jordan Kyrou,WSH,f3,PP2,A,over,0.5,draftkings,270,False,0.392438291773465,0.3623357472111321,0.3125919767020287,0.291951367781155,14.636186494925454,1777.7216666666668,,sgo_fair@0.5,v2,False,1.1032038554164156,0.2702702702702703,0.30020761134950447,0.02993734107923418,0.11076816199316664,0.0206406089208736,233,263.0,BET,2026-10-02T21:36:31+00:00,sgo_slate_alt_20261002T213627Z.json,0.04232170643175842,0.021681097510884706,3.7,Jordan Kyrou 1+ ast,MIDDLE,0.010256311295663578,0.0064413084538601974
STL@DAL,Wyatt Johnston,DAL,f1,PP1,PTS,over,1.5,fanduel,285,True,1.131857887510186,1.0087162381254149,0.3126172712249547,0.2674476020428459,20.913031427503284,2348.4791666666665,,"draftkings@0.5,pinnacle@0.5,sgo_fair@1.0",v2,False,1.0468644783193533,0.2597402597402597,0.2855154697156895,0.025775209975429758,0.0992345584054044,0.0451696691821087,250,284.0,BET,2026-10-02T21:36:31+00:00,sgo_slate_alt_20261002T213627Z.json,0.05287701148469498,0.007707342302586184,3.85,Wyatt Johnston 2+ pts,MIDDLE,0.008704785825035474,0.005466898274387419
WSH@CAR,Alex Tuch,WSH,f1,PP2,A,over,0.5,draftkings,270,False,0.3533508365360684,0.3804638059027471,0.2856692531378549,0.3044556962025316,19.3947779715318,2210.999166666667,,sgo_fair@0.5,v2,False,1.1032038554164156,0.2702702702702703,0.29694111897666087,0.026670848706390582,0.0986821402136453,-0.0187864430646766,237,268.0,BET,2026-10-02T21:36:31+00:00,sgo_slate_alt_20261002T213627Z.json,0.01539898286758462,0.034185425932261315,3.7,Alex Tuch 1+ ast,MIDDLE,0.009137235204967157,0.005738491029962057
STL@DAL,Robert Thomas,STL,f1,PP1,SOG,over,2.5,fanduel,300,True,1.9685968464447192,1.840395320582499,0.2930124928596319,0.2597381023167066,18.68804235636643,1845.6466666666668,,"draftkings@1.5,fanduel@1.5,pinnacle@1.5,sgo_fair@2.0",v2,False,1.1182260686839482,0.25,0.2730478585338767,0.023047858533876697,0.09219143413550679,0.0332743905429252,266,303.0,BET,2026-10-02T21:36:31+00:00,sgo_slate_alt_20261002T213627Z.json,0.04301249285963188,0.009738102316706576,4.0,Robert Thomas 3+ SOG,MIDDLE,0.007682619511292232,0.004824943449873732
ANA@VGK,Parker Wotherspoon,VGK,d2,-,PTS,over,0.5,draftkings,290,False,0.3506089899027483,0.2959364707252871,0.2957409275656562,0.2561653182029944,20.99249023943148,2080.0866666666666,,"draftkings@0.5,sgo_fair@0.5",v2,False,1.0468644783193533,0.2564102564102564,0.2719955619480591,0.015585305537802685,0.06078269159743033,0.0395756093626618,268,305.0,lean,2026-10-02T21:36:31+00:00,sgo_slate_alt_20261002T213627Z.json,0.03933067115539979,-0.0002449382072620132,3.9,Parker Wotherspoon 1+ pts,MIDDLE,0.005239887206675028,0.0032908254038564685
BOS@WPG,Mark Scheifele,WPG,f1,PP1,G,over,0.5,fanduel,220,False,0.4476689328940472,0.3727597559294923,0.3608837606257865,0.3111692995417778,19.99348603777912,2517.563333333333,,"fanduel@0.5,pinnacle@0.5,sgo_fair@0.5",v2,False,1.0982596332481285,0.3125,0.3310550839753813,0.018555083975381303,0.05937626872122026,0.0497144610840086,202,227.0,lean,2026-10-02T21:36:31+00:00,sgo_slate_alt_20261002T213627Z.json,0.048383760625786476,-0.0013307004582222004,3.2,Mark Scheifele 1+ goals,MIDDLE,0.006747303263775029,0.004237533388060124
BOS@WPG,Mark Scheifele,WPG,f1,PP1,G,over,1.5,draftkings,1900,False,0.4476689328940472,0.3727597559294923,0.0747712757498759,0.0544009357622298,19.99348603777912,2517.563333333333,,"fanduel@0.5,pinnacle@0.5,sgo_fair@0.5",v2,False,1.0982596332481285,0.05,0.0625490717572882,0.0125490717572882,0.250981435145764,0.020370339987646,1499,2563.0,lean,2026-10-02T21:36:31+00:00,sgo_slate_alt_20261002T213627Z.json,0.024771275749875893,0.004400935762229795,20.0,Mark Scheifele 2+ goals,TOP,0.003302387304549526,0.003098034520748883
NYR@DET,Michael Brandsegg-Nygård,DET,f3,PP2,G,over,0.5,fanduel,800,False,0.1480451372740744,0.1439260964211589,0.137607811969026,0.1340482573726541,12.775611148853327,0.0,no NHL data: 85% of positional prior,sgo_fair@0.5,v2,False,1.0982596332481285,0.1111111111111111,0.1354720792112029,0.024360968100091807,0.21924871290082626,0.0035595545963719,638,805.0,lean,2026-10-02T21:36:31+00:00,sgo_slate_alt_20261002T213627Z.json,0.02649670085791489,0.022937146261543,9.0,Michael Brandsegg-Nygård 1+ goals,TOP,0.006851522278150821,0.005
BOS@WPG,Kyle Connor,WPG,f1,PP1,G,over,1.5,draftkings,1300,False,0.517040850108858,0.4428833062563139,0.0954151971045886,0.073406108664766,19.93354117554885,2516.0816666666665,,"fanduel@0.5,pinnacle@0.5,sgo_fair@0.5",v2,False,1.0982596332481285,0.0714285714285714,0.0822097440406951,0.010781172612123704,0.15093641656973134,0.0220090884398226,1116,1648.0,lean,2026-10-02T21:36:31+00:00,sgo_slate_alt_20261002T213627Z.json,0.023986625676017198,0.001977537236194607,14.0,Kyle Connor 2+ goals,TOP,0.0029026233955717563,0.0027230081304595154
STL@DAL,Mikko Rantanen,DAL,f1,PP1,G,over,1.5,draftkings,1600,False,0.4145482357675131,0.4145482357675131,0.0654947402187632,0.0654947402187632,20.640933758585803,2075.3450000000003,,"fanduel@0.5,pinnacle@0.5,sgo_fair@0.5",v2,False,1.0982596332481285,0.0588235294117647,0.0654947402187632,0.0066712108069985,0.11341058371897428,0.0,1427,2369.0,pass,2026-10-02T21:36:31+00:00,sgo_slate_alt_20261002T213627Z.json,0.0066712108069985,0.0066712108069985,17.0,Mikko Rantanen 2+ goals,TOP,0.001772040370608973,0.0016623859450840836
WSH@CAR,Tom Wilson,WSH,f1,PP1,G,over,1.5,draftkings,3000,False,0.2982274557400364,0.2925195641659625,0.0365431890134078,0.0352884171528142,18.25760162293809,2083.9066666666668,,"fanduel@0.5,pinnacle@0.5,sgo_fair@0.5",v2,False,1.0982596332481285,0.032258064516129,0.0357903258970516,0.003532261380922601,0.10950010280859956,0.0012547718605936,2694,9168.0,pass,2026-10-02T21:36:31+00:00,sgo_slate_alt_20261002T213627Z.json,0.004285124497278803,0.0030303526366852046,31.0,Tom Wilson 2+ goals,TOP,0.0009125008567383297,0.0008560350115486827
STL@DAL,Wyatt Johnston,DAL,f1,PP1,PTS,over,2.5,draftkings,1100,True,1.131857887510186,1.0087162381254149,0.106082026891802,0.0819116263406165,20.913031427503284,2348.4791666666665,,"draftkings@0.5,pinnacle@0.5,sgo_fair@1.0",v2,False,1.0468644783193533,0.0833333333333333,0.0915797865610907,0.008246453227757397,0.09895743873308849,0.0241704005511854,992,1402.0,pass,2026-10-02T21:36:31+00:00,sgo_slate_alt_20261002T213627Z.json,0.022748693558468702,-0.0014217069927168063,12.0,Wyatt Johnston 3+ pts,TOP,0.0022490326984792837,0.0021098618349770673
STL@DAL,Jason Robertson,DAL,f2,PP1,G,over,1.5,draftkings,1000,False,0.5802289691303372,0.4961424224995621,0.1154349426657547,0.0890364060674533,20.375929813628595,2317.33,,"fanduel@0.5,pinnacle@0.5,sgo_fair@0.5",v2,False,1.0982596332481285,0.0909090909090909,0.0995958207067738,0.008686729797682896,0.09555402777451172,0.0263985365983014,904,1241.0,pass,2026-10-02T21:36:31+00:00,sgo_slate_alt_20261002T213627Z.json,0.024525851756663802,-0.0018726848416375924,11.0,Jason Robertson 2+ goals,TOP,0.002388850694362793,0.002241027848506823
STL@DAL,Jimmy Snuggerud,STL,f1,PP1,G,over,1.5,draftkings,2500,False,0.3568889214047601,0.2982252871635192,0.0503809738309273,0.0365427090559685,17.487775105522008,1217.4199999999998,,"fanduel@0.5,sgo_fair@0.5",v2,False,1.0982596332481285,0.0384615384615384,0.042078014965952,0.0036164765044136016,0.09402838911475198,0.0138382647749588,2277,5755.0,pass,2026-10-02T21:36:31+00:00,sgo_slate_alt_20261002T213627Z.json,0.0119194353693889,-0.001918829405569901,26.0,Jimmy Snuggerud 2+ goals,TOP,0.0009402838911475198,0.0008820988228927509
