game,player,team,role,pp,market,side,line,book,odds,alt,model_mean,mkt_mean,model_p,mkt_p,toi,hist_min,note,mkt_src,model_src,name_collision,cal,implied,blend_p,edge,ev,gap,fair_blend,ceiling,decision,run_ts_utc,snapshot,m_edge,k_edge,dec,pick,tier,kelly,stake,gp_ly,hr_ly,avg_ly,hr_l10,avg_l10,n_l10,hr_car,gp_car,toi_ly,team_ly,last_team,score,n_fault,n_hair,cracks
BOS@WPG,Mark Scheifele,WPG,f1,PP1,G,over,1.5,draftkings,1900,False,0.4476689328940472,0.3727597559294923,0.0747712757498759,0.0544009357622298,19.99348603777912,2517.563333333333,,"fanduel@0.5,pinnacle@0.5,sgo_fair@0.5",v2,False,1.0982596332481285,0.05,0.0625490717572882,0.0125490717572882,0.250981435145764,0.020370339987646,1499,2563.0,lean,2026-10-02T21:36:31+00:00,sgo_slate_alt_20261002T213627Z.json,0.0247712757498758,0.0044009357622297,20.0,Mark Scheifele 2+ goals,TOP,0.0033023873045495,0.0030980345207488,82,0.08536585365853659,0.43902439024390244,0.0,0.2,10,0.08463949843260188,319,21.504065040650406,WPG,WPG,21.012777660917862,0,2,"[('HAIRLINE', 'thin-air longshot: favourite-longshot bias zone, needs a big cushion'), ('HAIRLINE', 'thin mortar: only 1.3 pt cushion over the price')]"
WSH@CAR,Jordan Kyrou,WSH,f3,PP2,A,over,0.5,draftkings,270,False,0.392438291773465,0.3623357472111321,0.3125919767020287,0.291951367781155,14.636186494925454,1777.7216666666668,,sgo_fair@0.5,v2,False,1.1032038554164156,0.2702702702702703,0.3002076113495044,0.0299373410792341,0.1107681619931666,0.0206406089208736,233,263.0,BET,2026-10-02T21:36:31+00:00,sgo_slate_alt_20261002T213627Z.json,0.0423217064317584,0.0216810975108847,3.7,Jordan Kyrou 1+ ast,MIDDLE,0.0102563112956635,0.0064413084538601,72,0.3333333333333333,0.3888888888888889,0.6,0.6,10,0.3396825396825397,315,15.730787037037036,STL,STL,13.599338721839182,0,2,"[('HAIRLINE', 'public-over tax: every over of this line at draftkings returned -10% at close in 2026 (n=10342); needs a real model edge'), ('HAIRLINE', 'new team (was STL) - usage history not from this system')]"
STL@DAL,Wyatt Johnston,DAL,f1,PP1,PTS,over,1.5,fanduel,285,True,1.131857887510186,1.0087162381254149,0.3126172712249547,0.2674476020428459,20.913031427503284,2348.4791666666665,,"draftkings@0.5,pinnacle@0.5,sgo_fair@1.0",v2,False,1.0468644783193533,0.2597402597402597,0.2855154697156895,0.0257752099754297,0.0992345584054044,0.0451696691821087,250,284.0,BET,2026-10-02T21:36:31+00:00,sgo_slate_alt_20261002T213627Z.json,0.0528770114846949,0.0077073423025861,3.85,Wyatt Johnston 2+ pts,MIDDLE,0.0087047858250354,0.0054668982743874,82,0.2926829268292683,1.048780487804878,0.3,0.8,10,0.1798780487804878,328,20.12337398373984,DAL,DAL,11.643759926698186,0,0,[]
BOS@WPG,Kyle Connor,WPG,f1,PP1,G,over,1.5,draftkings,1300,False,0.517040850108858,0.4428833062563139,0.0954151971045886,0.073406108664766,19.93354117554885,2516.0816666666665,,"fanduel@0.5,pinnacle@0.5,sgo_fair@0.5",v2,False,1.0982596332481285,0.0714285714285714,0.0822097440406951,0.0107811726121237,0.1509364165697313,0.0220090884398226,1116,1648.0,lean,2026-10-02T21:36:31+00:00,sgo_slate_alt_20261002T213627Z.json,0.0239866256760171,0.0019775372361946,14.0,Kyle Connor 2+ goals,TOP,0.0029026233955717,0.0027230081304595,82,0.06097560975609756,0.47560975609756095,0.2,0.7,10,0.07717041800643087,311,21.50630081300813,WPG,WPG,10.961237475788463,0,2,"[('HAIRLINE', 'thin-air longshot: favourite-longshot bias zone, needs a big cushion'), ('HAIRLINE', 'thin mortar: only 1.1 pt cushion over the price')]"
WSH@CAR,Tom Wilson,WSH,f1,PP1,G,over,1.5,draftkings,3000,False,0.2982274557400364,0.2925195641659625,0.0365431890134078,0.0352884171528142,18.25760162293809,2083.9066666666668,,"fanduel@0.5,pinnacle@0.5,sgo_fair@0.5",v2,False,1.0982596332481285,0.032258064516129,0.0357903258970516,0.0035322613809226,0.1095001028085995,0.0012547718605936,2694,9168.0,pass,2026-10-02T21:36:31+00:00,sgo_slate_alt_20261002T213627Z.json,0.0042851244972788,0.0030303526366852,31.0,Tom Wilson 2+ goals,TOP,0.0009125008567383,0.0008560350115486,72,0.08333333333333333,0.4166666666666667,0.1,0.5,10,0.05384615384615385,260,19.46273148148148,WSH,WSH,8.670440388386833,1,2,"[('HAIRLINE', 'thin-air longshot: favourite-longshot bias zone, needs a big cushion'), ('HAIRLINE', 'thin mortar: only 0.4 pt cushion over the price'), ('FAULT', 'EV below the minimum for this odds band (longshot bias buffer)')]"
WSH@CAR,Alex Tuch,WSH,f1,PP2,A,over,0.5,draftkings,270,False,0.3533508365360684,0.3804638059027471,0.2856692531378549,0.3044556962025316,19.3947779715318,2210.999166666667,,sgo_fair@0.5,v2,False,1.1032038554164156,0.2702702702702703,0.2969411189766608,0.0266708487063905,0.0986821402136453,-0.0187864430646766,237,268.0,BET,2026-10-02T21:36:31+00:00,sgo_slate_alt_20261002T213627Z.json,0.0153989828675846,0.0341854259322613,3.7,Alex Tuch 1+ ast,MIDDLE,0.0091372352049671,0.005738491029962,79,0.35443037974683544,0.4177215189873418,0.3,0.3,10,0.3741935483870968,310,18.993881856540085,BUF,BUF,8.531915697724433,0,2,"[('HAIRLINE', 'public-over tax: every over of this line at draftkings returned -10% at close in 2026 (n=10342); needs a real model edge'), ('HAIRLINE', 'new team (was BUF) - usage history not from this system')]"
BOS@WPG,David Pastrnak,BOS,f1,PP1,SOG,under,3.5,draftkings,-125,False,3.243790670408285,3.550763789307926,0.6336733041983241,0.5715224194687346,19.305080809204785,2352.8866666666668,,"draftkings@3.5,fanduel@3.5,pinnacle@3.5,sgo_fair@3.5",v2,False,1.1182260686839482,0.5555555555555556,0.5963827733605703,0.0408272178050147,0.0734889920490267,0.0621508847295895,-148,-133.0,pass,2026-10-02T21:36:31+00:00,sgo_slate_alt_20261002T213627Z.json,0.0781177486427685,0.015966863913179,1.8,David Pastrnak U3.5 SOG,BASE,0.0229653100153208,0.0116071912454283,77,0.5454545454545454,3.3896103896103895,0.6,3.2,10,0.3858024691358025,324,20.655627705627705,BOS,BOS,7.889303245306708,0,1,"[('NOTE', 'tailwind: blanket unders here returned +2.3% at close in 2026 (n=718)'), ('HAIRLINE', 'model and market disagree by 6 pts')]"
NYR@DET,Alexis Lafrenière,NYR,f1,PP1,SOG,under,2.5,draftkings,-155,False,2.250055125162716,2.302800781974822,0.6346550356951886,0.6213531794948814,17.94658220183404,0.0,no NHL data: 85% of positional prior,"draftkings@2.5,fanduel@2.5,pinnacle@2.5,sgo_fair@2.5",v2,False,1.1182260686839482,0.6078431372549019,0.6266739219750043,0.0188307847201023,0.0309796780879101,0.0133018562003071,-168,-151.0,pass,2026-10-02T21:36:31+00:00,sgo_slate_alt_20261002T213627Z.json,0.0268118984402866,0.0135100422399795,1.6451612903225803,Alexis Lafrenière U2.5 SOG,BASE,0.0120046252590651,0.0060674112876643,82,0.7439024390243902,2.0,0.8,1.8,10,0.668693009118541,329,17.59837398373984,NYR,NYR,5.961908507021523,0,3,"[('HAIRLINE', 'thin NHL sample (0 min) - projection leans on role/prior'), ('HAIRLINE', 'team on back-to-back (TOI/legs risk)'), ('HAIRLINE', 'thin mortar: only 1.9 pt cushion over the price')]"
STL@DAL,Robert Thomas,STL,f1,PP1,SOG,over,2.5,fanduel,300,True,1.9685968464447192,1.840395320582499,0.2930124928596319,0.2597381023167066,18.68804235636643,1845.6466666666668,,"draftkings@1.5,fanduel@1.5,pinnacle@1.5,sgo_fair@2.0",v2,False,1.1182260686839482,0.25,0.2730478585338767,0.0230478585338766,0.0921914341355067,0.0332743905429252,266,303.0,BET,2026-10-02T21:36:31+00:00,sgo_slate_alt_20261002T213627Z.json,0.0430124928596318,0.0097381023167065,4.0,Robert Thomas 3+ SOG,MIDDLE,0.0076826195112922,0.0048249434498737,64,0.1875,1.59375,0.3,2.0,10,0.2664359861591695,289,19.015104166666667,STL,STL,4.71914341355067,0,1,"[('HAIRLINE', 'public-over tax: every over of this line at fanduel returned -10% at close in 2026 (n=2991); needs a real model edge')]"
STL@DAL,Mikko Rantanen,DAL,f1,PP1,G,over,1.5,draftkings,1600,False,0.4145482357675131,0.4145482357675131,0.0654947402187632,0.0654947402187632,20.640933758585803,2075.3450000000003,,"fanduel@0.5,pinnacle@0.5,sgo_fair@0.5",v2,False,1.0982596332481285,0.0588235294117647,0.0654947402187632,0.0066712108069985,0.1134105837189742,0.0,1427,2369.0,pass,2026-10-02T21:36:31+00:00,sgo_slate_alt_20261002T213627Z.json,0.0066712108069985,0.0066712108069985,17.0,Mikko Rantanen 2+ goals,TOP,0.0017720403706089,0.001662385945084,64,0.015625,0.34375,0.0,0.2,10,0.08116883116883117,308,20.17578125,DAL,DAL,4.024881901309184,1,2,"[('HAIRLINE', 'thin-air longshot: favourite-longshot bias zone, needs a big cushion'), ('HAIRLINE', 'thin mortar: only 0.7 pt cushion over the price'), ('FAULT', 'EV below the minimum for this odds band (longshot bias buffer)')]"
STL@DAL,Jimmy Snuggerud,STL,f1,PP1,G,over,1.5,draftkings,2500,False,0.3568889214047601,0.2982252871635192,0.0503809738309273,0.0365427090559685,17.487775105522008,1217.4199999999998,,"fanduel@0.5,sgo_fair@0.5",v2,False,1.0982596332481285,0.0384615384615384,0.042078014965952,0.0036164765044136,0.0940283891147519,0.0138382647749588,2277,5755.0,pass,2026-10-02T21:36:31+00:00,sgo_slate_alt_20261002T213627Z.json,0.0119194353693889,-0.0019188294055699,26.0,Jimmy Snuggerud 2+ goals,TOP,0.0009402838911475,0.0008820988228927,70,0.04285714285714286,0.3,0.1,0.4,10,0.03896103896103896,77,16.695714285714285,STL,STL,2.694047702683987,1,3,"[('HAIRLINE', 'market consensus does not beat the price; edge is model-only'), ('HAIRLINE', 'thin-air longshot: favourite-longshot bias zone, needs a big cushion'), ('HAIRLINE', 'thin mortar: only 0.4 pt cushion over the price'), ('FAULT', 'EV below the minimum for this odds band (longshot bias buffer)')]"
WSH@CAR,Jordan Kyrou,WSH,f3,PP2,PTS,over,0.5,draftkings,135,False,0.6041938599434422,0.5639354490799648,0.4534851834069729,0.4310344827586354,14.636186494925454,1777.7216666666668,,sgo_fair@0.5,v2,False,1.0468644783193533,0.425531914893617,0.4400147630179704,0.0144828481243533,0.0340346930922303,0.0224507006483375,127,141.0,lean,2026-10-02T21:36:31+00:00,sgo_slate_alt_20261002T213627Z.json,0.0279532685133558,0.0055025678650183,2.35,Jordan Kyrou 1+ pts,BASE,0.0063027209430056,0.0031855388541773,72,0.5277777777777778,0.6388888888888888,0.7,0.7,10,0.5619047619047619,315,15.730787037037036,STL,STL,1.9933038245894608,0,3,"[('HAIRLINE', 'public-over tax: every over of this line at draftkings returned -6% at close in 2026 (n=9714); needs a real model edge'), ('HAIRLINE', 'new team (was STL) - usage history not from this system'), ('HAIRLINE', 'thin mortar: only 1.4 pt cushion over the price')]"
STL@DAL,Jason Robertson,DAL,f2,PP1,G,over,1.5,draftkings,1000,False,0.5802289691303372,0.4961424224995621,0.1154349426657547,0.0890364060674533,20.375929813628595,2317.33,,"fanduel@0.5,pinnacle@0.5,sgo_fair@0.5",v2,False,1.0982596332481285,0.0909090909090909,0.0995958207067738,0.0086867297976828,0.0955540277745117,0.0263985365983014,904,1241.0,pass,2026-10-02T21:36:31+00:00,sgo_slate_alt_20261002T213627Z.json,0.0245258517566638,-0.0018726848416375,11.0,Jason Robertson 2+ goals,TOP,0.0023888506943627,0.0022410278485068,82,0.08536585365853659,0.5487804878048781,0.1,0.6,10,0.07621951219512195,328,20.253048780487806,DAL,DAL,1.9245823783380906,0,3,"[('HAIRLINE', 'market consensus does not beat the price; edge is model-only'), ('HAIRLINE', 'thin-air longshot: favourite-longshot bias zone, needs a big cushion'), ('HAIRLINE', 'thin mortar: only 0.9 pt cushion over the price')]"
STL@DAL,Wyatt Johnston,DAL,f1,PP1,PTS,over,2.5,draftkings,1100,True,1.131857887510186,1.0087162381254149,0.106082026891802,0.0819116263406165,20.913031427503284,2348.4791666666665,,"draftkings@0.5,pinnacle@0.5,sgo_fair@1.0",v2,False,1.0468644783193533,0.0833333333333333,0.0915797865610907,0.0082464532277573,0.0989574387330884,0.0241704005511854,992,1402.0,pass,2026-10-02T21:36:31+00:00,sgo_slate_alt_20261002T213627Z.json,0.0227486935584687,-0.0014217069927168,12.0,Wyatt Johnston 3+ pts,TOP,0.0022490326984792,0.002109861834977,82,0.08536585365853659,1.048780487804878,0.0,0.8,10,0.051829268292682924,328,20.12337398373984,DAL,DAL,1.6437113529836402,1,3,"[('HAIRLINE', 'market consensus does not beat the price; edge is model-only'), ('HAIRLINE', 'thin-air longshot: favourite-longshot bias zone, needs a big cushion'), ('HAIRLINE', 'thin mortar: only 0.8 pt cushion over the price'), ('FAULT', 'EV below the minimum for this odds band (longshot bias buffer)')]"
NYR@DET,Alex DeBrincat,DET,f1,PP1,SOG,under,3.5,fanduel,-125,False,3.536514021198826,3.5490445411392613,0.5743445494976884,0.5718625464525625,18.58434807318392,2176.461666666667,,"draftkings@3.5,fanduel@3.5,pinnacle@3.5,sgo_fair@3.5",v2,False,1.1182260686839482,0.5555555555555556,0.5728553476706129,0.0172997921150572,0.0311396258071032,0.0024820030451259,-134,-121.0,pass,2026-10-02T21:36:31+00:00,sgo_slate_alt_20261002T213627Z.json,0.0187889939421328,0.0163069908970069,1.8,Alex DeBrincat U3.5 SOG,BASE,0.0097311330647197,0.0049183365015129,82,0.5609756097560976,3.5,0.5,3.4,10,0.6097560975609756,328,18.50020325203252,DET,DET,0.27520919317644577,0,1,"[('NOTE', 'tailwind: blanket unders here returned +0.2% at close in 2026 (n=658)'), ('HAIRLINE', 'thin mortar: only 1.7 pt cushion over the price')]"
BOS@WPG,Mark Scheifele,WPG,f1,PP1,G,over,0.5,fanduel,220,False,0.4476689328940472,0.3727597559294923,0.3608837606257865,0.3111692995417778,19.99348603777912,2517.563333333333,,"fanduel@0.5,pinnacle@0.5,sgo_fair@0.5",v2,False,1.0982596332481285,0.3125,0.3310550839753813,0.0185550839753813,0.0593762687212202,0.0497144610840086,202,227.0,lean,2026-10-02T21:36:31+00:00,sgo_slate_alt_20261002T213627Z.json,0.0483837606257864,-0.0013307004582222,3.2,Mark Scheifele 1+ goals,MIDDLE,0.006747303263775,0.0042375333880601,82,0.35365853658536583,0.43902439024390244,0.2,0.2,10,0.3448275862068966,319,21.504065040650406,WPG,WPG,-1.0410316644633468,0,3,"[('HAIRLINE', 'public-over tax: every over of this line at fanduel returned -11% at close in 2026 (n=3966); needs a real model edge'), ('HAIRLINE', 'market consensus does not beat the price; edge is model-only'), ('HAIRLINE', 'thin mortar: only 1.9 pt cushion over the price')]"
ANA@VGK,Parker Wotherspoon,VGK,d2,-,PTS,over,0.5,draftkings,290,False,0.3506089899027483,0.2959364707252871,0.2957409275656562,0.2561653182029944,20.99249023943148,2080.0866666666666,,"draftkings@0.5,sgo_fair@0.5",v2,False,1.0468644783193533,0.2564102564102564,0.2719955619480591,0.0155853055378026,0.0607826915974303,0.0395756093626618,268,305.0,lean,2026-10-02T21:36:31+00:00,sgo_slate_alt_20261002T213627Z.json,0.0393306711553997,-0.000244938207262,3.9,Parker Wotherspoon 1+ pts,MIDDLE,0.005239887206675,0.0032908254038564,80,0.3125,0.375,0.3,0.4,10,0.21693121693121692,189,20.171666666666667,PIT,VGK,-3.7422436607697893,0,5,"[('HAIRLINE', 'public-over tax: every over of this line at draftkings returned -6% at close in 2026 (n=9714); needs a real model edge'), ('HAIRLINE', 'market consensus does not beat the price; edge is model-only'), ('HAIRLINE', 'new team (was PIT) - usage history not from this system'), ('HAIRLINE', 'thin mortar: only 1.6 pt cushion over the price'), ('HAIRLINE', 'no power-play role')]"
BOS@WPG,Elias Lindholm,BOS,f1,PP2,SOG,over,1.5,draftkings,-110,False,1.840367556184897,1.916815364727519,0.5263033632389283,0.5473226722796692,17.864457827843644,1916.9391666666668,,"draftkings@1.5,pinnacle@1.5,sgo_fair@2.0",v2,False,1.1182260686839482,0.5238095238095238,0.5389149486633729,0.015105424853849,0.0288376292664391,-0.0210193090407408,-117,-106.0,BET,2026-10-02T21:36:31+00:00,sgo_slate_alt_20261002T213627Z.json,0.0024938394294045,0.0235131484701454,1.9090909090909087,Elias Lindholm 2+ SOG,BASE,0.0079303480482707,0.0040081786998599,69,0.4492753623188406,1.6521739130434783,0.4,1.2,10,0.5635179153094463,307,17.882367149758455,BOS,BOS,-6.3356987710786585,1,2,"[('HAIRLINE', 'public-over tax: every over of this line at draftkings returned -8% at close in 2026 (n=4917); needs a real model edge'), ('HAIRLINE', 'thin mortar: only 1.5 pt cushion over the price'), ('FAULT', 'EV below the minimum for this odds band (longshot bias buffer)')]"
NYR@DET,Michael Brandsegg-Nygård,DET,f3,PP2,G,over,0.5,fanduel,800,False,0.1480451372740744,0.1439260964211589,0.137607811969026,0.1340482573726541,12.775611148853327,0.0,no NHL data: 85% of positional prior,sgo_fair@0.5,v2,False,1.0982596332481285,0.1111111111111111,0.1354720792112029,0.0243609681000918,0.2192487129008262,0.0035595545963719,638,805.0,lean,2026-10-02T21:36:31+00:00,sgo_slate_alt_20261002T213627Z.json,0.0264967008579148,0.022937146261543,9.0,Michael Brandsegg-Nygård 1+ goals,TOP,0.0068515222781508,0.005,14,0.0,0.0,0.0,0.0,10,0.0,14,12.516666666666667,DET,DET,-81.1862398210285,1,2,"[('HAIRLINE', 'public-over tax: every over of this line at fanduel returned -11% at close in 2026 (n=3966); needs a real model edge'), ('FAULT', 'thin NHL sample (0 min) - projection leans on role/prior'), ('HAIRLINE', 'thin-air longshot: favourite-longshot bias zone, needs a big cushion')]"
STL@DAL,Robert Thomas,STL,f1,PP1,SOG,over,1.5,fanduel,-106,False,1.9685968464447192,1.840395320582499,0.5611283428875131,0.526311134836691,18.68804235636643,1845.6466666666668,,"draftkings@1.5,fanduel@1.5,pinnacle@1.5,sgo_fair@2.0",v2,False,1.1182260686839482,0.5145631067961165,0.5402380180570199,0.0256749112609033,0.0498965256579819,0.0348172080508221,-118,-106.0,BET,2026-10-02T21:36:31+00:00,sgo_slate_alt_20261002T213627Z.json,0.0465652360913966,0.0117480280405745,1.9433962264150944,Robert Thomas 2+ SOG,BASE,0.0132225792993652,0.0066829930265772,64,0.390625,1.59375,0.4,2.0,10,0.5155709342560554,289,19.015104166666667,STL,STL,-100.61350277400763,1,1,"[('HAIRLINE', 'public-over tax: every over of this line at fanduel returned -8% at close in 2026 (n=2278); needs a real model edge'), ('FAULT', 'history contradicts: hit 39% last season vs 51% needed')]"
ANA@VGK,Cutter Gauthier,ANA,f1,PP1,SOG,under,3.5,fanduel,-146,False,2.922382978028437,3.4358790498812657,0.7008668799096498,0.5944637067707218,16.623295864485087,1833.5541666666663,,"draftkings@3.5,fanduel@3.5,pinnacle@3.5,sgo_fair@3.5",v2,False,1.1182260686839482,0.5934959349593496,0.637024976026293,0.0435290410669434,0.0733434527566307,0.106403173138928,-176,-158.0,pass,2026-10-02T21:36:31+00:00,sgo_slate_alt_20261002T213627Z.json,0.1073709449503002,0.0009677718113721,1.6849315068493151,Cutter Gauthier U3.5 SOG,BASE,0.0267703602561702,0.0135303503847797,76,0.5,3.75,0.4,3.9,10,0.6666666666666667,159,17.252850877192984,ANA,ANA,-100.84045147230441,1,1,"[('NOTE', 'tailwind: blanket unders here returned +0.2% at close in 2026 (n=658)'), ('HAIRLINE', 'model and market disagree by 11 pts'), ('FAULT', 'history contradicts: hit 50% last season vs 59% needed')]"
