game,market,side,line,book,odds,implied,sim_p,push,ev,tail
STL@DAL,DAL puck line,-1.5,-1.5,draftkings,145,0.4081632653061224,0.38924407958984375,0.0,-0.04635200500488279,False
STL@DAL,DAL puck line,-3.5,-3.5,draftkings,530,0.15873015873015872,0.10999298095703125,0.0,-0.3070442199707032,True
STL@DAL,DAL puck line,-2.5,-2.5,draftkings,230,0.30303030303030304,0.25909423828125,0.0,-0.144989013671875,False
STL@DAL,DAL puck line,+1.5,1.5,draftkings,-475,0.8260869565217391,0.8060150146484375,0.0,-0.02429761384662832,True
STL@DAL,DAL puck line,+2.5,2.5,draftkings,-950,0.9047619047619049,0.888397216796875,0.0,-0.01808728669819093,True
STL@DAL,DAL puck line,+3.5,3.5,draftkings,-4500,0.9782608695652175,0.9644012451171875,0.0,-0.014167616102430669,True
STL@DAL,DAL puck line,-1.5,-1.5,fanduel,132,0.43103448275862066,0.38924407958984375,0.0,-0.09695373535156238,False
STL@DAL,DAL puck line,-5.5,-5.5,fanduel,3200,0.030303030303030304,0.0144195556640625,0.0,-0.5241546630859375,True
STL@DAL,DAL puck line,-4.5,-4.5,fanduel,1360,0.0684931506849315,0.04363250732421875,0.0,-0.3629653930664063,True
STL@DAL,DAL puck line,-3.5,-3.5,fanduel,570,0.14925373134328357,0.10999298095703125,0.0,-0.26304702758789056,True
STL@DAL,DAL puck line,-2.5,-2.5,fanduel,215,0.31746031746031744,0.25909423828125,0.0,-0.1838531494140625,False
STL@DAL,DAL puck line,+1.5,1.5,fanduel,-600,0.8571428571428571,0.8060150146484375,0.0,-0.05964914957682288,True
STL@DAL,DAL puck line,+2.5,2.5,fanduel,-1250,0.9259259259259258,0.888397216796875,0.0,-0.04053100585937497,True
STL@DAL,DAL puck line,+3.5,3.5,fanduel,-4500,0.9782608695652175,0.9644012451171875,0.0,-0.014167616102430669,True
STL@DAL,DAL puck line,+4.5,4.5,fanduel,-20000,0.9950248756218907,0.9883193969726562,0.0,-0.0067390060424805664,True
STL@DAL,DAL puck line,+5.5,5.5,fanduel,-50000,0.998003992015968,0.996856689453125,0.0,-0.0011495971679686967,True
STL@DAL,STL puck line,+1.5,1.5,draftkings,-175,0.6363636363636364,0.6107559204101562,0.0,-0.040240696498325956,False
STL@DAL,STL puck line,-3.5,-3.5,draftkings,1200,0.07692307692307693,0.0355987548828125,0.0,-0.5372161865234375,True
STL@DAL,STL puck line,-2.5,-2.5,draftkings,530,0.15873015873015872,0.111602783203125,0.0,-0.29690246582031254,True
STL@DAL,STL puck line,-1.5,-1.5,draftkings,310,0.24390243902439027,0.1939849853515625,0.0,-0.20466156005859382,True
STL@DAL,STL puck line,+2.5,2.5,draftkings,-325,0.7647058823529411,0.74090576171875,0.0,-0.031123234675480727,False
STL@DAL,STL puck line,+3.5,3.5,draftkings,-950,0.9047619047619049,0.8900070190429688,0.0,-0.016308031584087224,True
STL@DAL,STL puck line,+1.5,1.5,fanduel,-162,0.6183206106870228,0.6107559204101562,0.0,-0.012234252176167026,False
STL@DAL,STL puck line,-4.5,-4.5,fanduel,6000,0.01639344262295082,0.01168060302734375,0.0,-0.28748321533203125,True
STL@DAL,STL puck line,-3.5,-3.5,fanduel,1850,0.05128205128205128,0.0355987548828125,0.0,-0.30582427978515625,True
STL@DAL,STL puck line,-2.5,-2.5,fanduel,630,0.136986301369863,0.111602783203125,0.0,-0.18529968261718754,True
STL@DAL,STL puck line,-1.5,-1.5,fanduel,370,0.2127659574468085,0.1939849853515625,0.0,-0.08827056884765616,True
STL@DAL,STL puck line,+2.5,2.5,fanduel,-290,0.7435897435897436,0.74090576171875,0.0,-0.0036094928609913257,False
STL@DAL,STL puck line,+3.5,3.5,fanduel,-1000,0.9090909090909091,0.8900070190429688,0.0,-0.020992279052734264,True
STL@DAL,STL puck line,+4.5,4.5,fanduel,-3000,0.9677419354838709,0.9563674926757812,0.0,-0.01175359090169259,True
STL@DAL,STL puck line,+5.5,5.5,fanduel,-8000,0.9876543209876544,0.9855804443359375,0.0,-0.0020998001098633257,True
STL@DAL,STL puck line,+6.5,6.5,fanduel,-20000,0.9950248756218907,0.995758056640625,0.0,0.0007368469238280273,True
STL@DAL,Game total,over,5.5,draftkings,-135,0.574468085106383,0.521759033203125,0.0,-0.09175279405381942,False
STL@DAL,Game total,over,3.5,draftkings,-800,0.8888888888888888,0.8478622436523438,0.0,-0.04615497589111328,True
STL@DAL,Game total,over,4.5,draftkings,-410,0.803921568627451,0.7621994018554688,0.0,-0.05189830500905113,True
STL@DAL,Game total,over,6.5,draftkings,110,0.47619047619047616,0.40628814697265625,0.0,-0.14679489135742185,False
STL@DAL,Game total,over,7.5,draftkings,255,0.28169014084507044,0.20829010009765625,0.0,-0.2605701446533204,True
STL@DAL,Game total,over,8.5,draftkings,400,0.2,0.13999176025390625,0.0,-0.30004119873046875,True
STL@DAL,Game total,over,9.5,draftkings,900,0.1,0.05512237548828125,0.0,-0.4487762451171875,True
STL@DAL,Game total,over,5.5,fanduel,-130,0.5652173913043479,0.521759033203125,0.0,-0.07688786433293271,False
STL@DAL,Game total,over,2.5,fanduel,-5000,0.9803921568627451,0.96759033203125,0.0,-0.013057861328125031,True
STL@DAL,Game total,over,3.0,fanduel,-6000,0.9836065573770493,0.8478622436523438,0.11972808837890625,-0.018278630574544374,True
STL@DAL,Game total,over,3.5,fanduel,-850,0.8947368421052632,0.8478622436523438,0.0,-0.05238925709443931,True
STL@DAL,Game total,over,4.0,fanduel,-700,0.875,0.7621994018554688,0.085662841796875,-0.04325212751116081,True
STL@DAL,Game total,over,4.5,fanduel,-430,0.8113207547169812,0.7621994018554688,0.0,-0.06054492329442229,True
STL@DAL,Game total,over,5.0,fanduel,-265,0.726027397260274,0.521759033203125,0.24044036865234375,-0.040910396935804894,False
STL@DAL,Game total,over,6.0,fanduel,100,0.5,0.40628814697265625,0.11547088623046875,-0.07195281982421875,False
STL@DAL,Game total,over,6.5,fanduel,124,0.4464285714285714,0.40628814697265625,0.0,-0.08991455078124988,False
STL@DAL,Game total,over,7.0,fanduel,235,0.29850746268656714,0.20829010009765625,0.197998046875,-0.10423011779785152,True
STL@DAL,Game total,over,7.5,fanduel,300,0.25,0.20829010009765625,0.0,-0.166839599609375,True
STL@DAL,Game total,over,8.0,fanduel,440,0.18518518518518517,0.13999176025390625,0.06829833984375,-0.1757461547851562,True
STL@DAL,Game total,over,8.5,fanduel,480,0.1724137931034483,0.13999176025390625,0.0,-0.18804779052734377,True
STL@DAL,Game total,over,9.5,fanduel,1140,0.08064516129032258,0.05512237548828125,0.0,-0.3164825439453125,True
STL@DAL,Game total,over,10.5,fanduel,1650,0.05714285714285714,0.03215789794921875,0.0,-0.4372367858886719,True
STL@DAL,Game total,over,11.5,fanduel,4900,0.02,0.00970458984375,0.0,-0.5147705078125,True
STL@DAL,Game total,under,5.5,draftkings,114,0.4672897196261683,0.478240966796875,0.0,0.02343566894531235,False
STL@DAL,Game total,under,3.5,draftkings,460,0.17857142857142858,0.15213775634765625,0.0,-0.14802856445312507,True
STL@DAL,Game total,under,4.5,draftkings,275,0.26666666666666666,0.23780059814453125,0.0,-0.10824775695800781,True
STL@DAL,Game total,under,6.5,draftkings,-150,0.6000000000000001,0.5937118530273438,0.0,-0.01048024495442712,False
STL@DAL,Game total,under,7.5,draftkings,-370,0.7872340425531915,0.7917098999023438,0.0,0.0056855485245987936,True
STL@DAL,Game total,under,8.5,draftkings,-650,0.8666666666666667,0.8600082397460938,0.0,-0.007682800292968861,True
STL@DAL,Game total,under,9.5,draftkings,-2200,0.9565217391304348,0.9448776245117188,0.0,-0.012173392555930418,True
STL@DAL,Game total,under,5.5,fanduel,106,0.4854368932038835,0.478240966796875,0.0,-0.014823608398437438,False
STL@DAL,Game total,under,2.5,fanduel,1950,0.04878048780487805,0.03240966796875,0.0,-0.335601806640625,True
STL@DAL,Game total,under,3.0,fanduel,1600,0.058823529411764705,0.03240966796875,0.11972808837890625,-0.32930755615234375,True
STL@DAL,Game total,under,3.5,fanduel,500,0.16666666666666666,0.15213775634765625,0.0,-0.0871734619140625,True
STL@DAL,Game total,under,4.0,fanduel,470,0.17543859649122806,0.15213775634765625,0.085662841796875,-0.0471519470214844,True
STL@DAL,Game total,under,4.5,fanduel,290,0.25641025641025644,0.23780059814453125,0.0,-0.07257766723632819,True
STL@DAL,Game total,under,5.0,fanduel,210,0.3225806451612903,0.23780059814453125,0.24044036865234375,-0.02237777709960931,True
STL@DAL,Game total,under,6.0,fanduel,-122,0.5495495495495495,0.478240966796875,0.11547088623046875,-0.014287354516201334,False
STL@DAL,Game total,under,6.5,fanduel,-158,0.6124031007751938,0.5937118530273438,0.0,-0.03052115138572975,False
STL@DAL,Game total,under,7.0,fanduel,-300,0.75,0.5937118530273438,0.197998046875,-0.01038614908854174,False
STL@DAL,Game total,under,7.5,fanduel,-430,0.8113207547169812,0.7917098999023438,0.0,-0.024171518725018215,True
STL@DAL,Game total,under,8.0,fanduel,-650,0.8666666666666667,0.7917098999023438,0.06829833984375,-0.018190237192007297,True
STL@DAL,Game total,under,8.5,fanduel,-800,0.8888888888888888,0.8600082397460938,0.0,-0.03249073028564453,True
STL@DAL,Game total,under,9.5,fanduel,-2400,0.96,0.9448776245117188,0.0,-0.0157524744669596,True
STL@DAL,Game total,under,10.5,fanduel,-4500,0.9782608695652175,0.9678421020507812,0.0,-0.010650295681423727,True
STL@DAL,Game total,under,11.5,fanduel,-8000,0.9876543209876544,0.99029541015625,0.0,0.002674102783203125,True
STL@DAL,STL team total,over,2.5,draftkings,-130,0.5652173913043479,0.49181365966796875,0.0,-0.1298681405874399,False
STL@DAL,STL team total,over,0.5,draftkings,-2000,0.9523809523809523,0.921905517578125,0.0,-0.03199920654296873,True
STL@DAL,STL team total,over,1.5,draftkings,-350,0.7777777777777779,0.7299728393554688,0.0,-0.06146349225725456,False
STL@DAL,STL team total,over,3.5,draftkings,190,0.3448275862068966,0.27939605712890625,0.0,-0.18975143432617192,False
STL@DAL,STL team total,over,4.5,draftkings,440,0.18518518518518517,0.12744140625,0.0,-0.31181640624999996,True
STL@DAL,STL team total,over,5.5,draftkings,1000,0.09090909090909091,0.04488372802734375,0.0,-0.5062789916992188,True
STL@DAL,STL team total,over,2.5,fanduel,-108,0.5192307692307692,0.49181365966796875,0.0,-0.05280332212094907,False
STL@DAL,STL team total,over,0.5,fanduel,-1600,0.9411764705882353,0.921905517578125,0.0,-0.020475387573242188,True
STL@DAL,STL team total,over,1.5,fanduel,-330,0.7674418604651163,0.7299728393554688,0.0,-0.04882326993075292,False
STL@DAL,STL team total,over,3.5,fanduel,230,0.30303030303030304,0.27939605712890625,0.0,-0.07799301147460946,False
STL@DAL,STL team total,over,4.5,fanduel,560,0.15151515151515152,0.12744140625,0.0,-0.15888671875000004,True
STL@DAL,STL team total,over,5.5,fanduel,1460,0.06410256410256411,0.04488372802734375,0.0,-0.2998138427734375,True
STL@DAL,STL team total,over,6.5,fanduel,4600,0.02127659574468085,0.0123291015625,0.0,-0.4205322265625,True
STL@DAL,STL team total,under,2.5,draftkings,-110,0.5238095238095238,0.5081863403320312,0.0,-0.02982607754794031,False
STL@DAL,STL team total,under,0.5,draftkings,850,0.10526315789473684,0.078094482421875,0.0,-0.2581024169921875,True
STL@DAL,STL team total,under,1.5,draftkings,245,0.2898550724637681,0.27002716064453125,0.0,-0.06840629577636714,False
STL@DAL,STL team total,under,3.5,draftkings,-260,0.7222222222222222,0.7206039428710938,0.0,-0.0022406944861779188,False
STL@DAL,STL team total,under,4.5,draftkings,-750,0.8823529411764706,0.87255859375,0.0,-0.011100260416666674,True
STL@DAL,STL team total,under,5.5,draftkings,-2800,0.9655172413793103,0.9551162719726562,0.0,-0.010772432599748805,True
STL@DAL,STL team total,under,2.5,fanduel,-118,0.5412844036697247,0.5081863403320312,0.0,-0.061147269556077855,False
STL@DAL,STL team total,under,0.5,fanduel,880,0.1020408163265306,0.078094482421875,0.0,-0.23467407226562498,True
STL@DAL,STL team total,under,1.5,fanduel,235,0.29850746268656714,0.27002716064453125,0.0,-0.09540901184082029,False
STL@DAL,STL team total,under,3.5,fanduel,-320,0.7619047619047619,0.7206039428710938,0.0,-0.05420732498168945,False
STL@DAL,STL team total,under,4.5,fanduel,-1000,0.9090909090909091,0.87255859375,0.0,-0.04018554687499998,True
STL@DAL,STL team total,under,5.5,fanduel,-3500,0.9722222222222223,0.9551162719726562,0.0,-0.01759469168526795,True
STL@DAL,STL team total,under,6.5,fanduel,-8000,0.9876543209876544,0.9876708984375,0.0,1.6784667968616773e-05,True
STL@DAL,DAL team total,over,3.5,draftkings,100,0.5,0.45130157470703125,0.0,-0.0973968505859375,False
STL@DAL,DAL team total,over,0.5,draftkings,-6000,0.9836065573770493,0.965972900390625,0.0,-0.017927551269531272,True
STL@DAL,DAL team total,over,1.5,draftkings,-700,0.875,0.8561859130859375,0.0,-0.021501813616071508,True
STL@DAL,DAL team total,over,2.5,draftkings,-230,0.696969696969697,0.6738204956054688,0.0,-0.03321407152258837,False
STL@DAL,DAL team total,over,4.5,draftkings,230,0.30303030303030304,0.23992156982421875,0.0,-0.2082588195800782,True
STL@DAL,DAL team total,over,5.5,draftkings,550,0.15384615384615385,0.1009368896484375,0.0,-0.34391021728515625,True
STL@DAL,DAL team total,over,3.5,fanduel,-102,0.504950495049505,0.45130157470703125,0.0,-0.10624590107038911,False
STL@DAL,DAL team total,over,0.5,fanduel,-4500,0.9782608695652175,0.965972900390625,0.0,-0.012561035156250067,True
STL@DAL,DAL team total,over,1.5,fanduel,-850,0.8947368421052632,0.8561859130859375,0.0,-0.043086332433363905,True
STL@DAL,DAL team total,over,2.5,fanduel,-260,0.7222222222222222,0.6738204956054688,0.0,-0.06701777531550479,False
STL@DAL,DAL team total,over,4.5,fanduel,240,0.29411764705882354,0.23992156982421875,0.0,-0.18426666259765623,True
STL@DAL,DAL team total,over,5.5,fanduel,600,0.14285714285714285,0.1009368896484375,0.0,-0.2934417724609375,True
STL@DAL,DAL team total,over,6.5,fanduel,1550,0.06060606060606061,0.03284454345703125,0.0,-0.4580650329589844,True
STL@DAL,DAL team total,over,7.5,fanduel,4600,0.02127659574468085,0.0092010498046875,0.0,-0.5675506591796875,True
STL@DAL,DAL team total,under,3.5,draftkings,-140,0.5833333333333333,0.5486984252929688,0.0,-0.0593741280691964,False
STL@DAL,DAL team total,under,0.5,draftkings,1300,0.07142857142857142,0.034027099609375,0.0,-0.52362060546875,True
STL@DAL,DAL team total,under,1.5,draftkings,420,0.1923076923076923,0.1438140869140625,0.0,-0.252166748046875,True
STL@DAL,DAL team total,under,2.5,draftkings,170,0.37037037037037035,0.32617950439453125,0.0,-0.11931533813476558,False
STL@DAL,DAL team total,under,4.5,draftkings,-325,0.7647058823529411,0.7600784301757812,0.0,-0.006051283616286041,True
STL@DAL,DAL team total,under,5.5,draftkings,-1000,0.9090909090909091,0.8990631103515625,0.0,-0.011030578613281161,True
STL@DAL,DAL team total,under,3.5,fanduel,-126,0.5575221238938054,0.5486984252929688,0.0,-0.015826633998325956,False
STL@DAL,DAL team total,under,0.5,fanduel,1850,0.05128205128205128,0.034027099609375,0.0,-0.3364715576171875,True
STL@DAL,DAL team total,under,1.5,fanduel,510,0.1639344262295082,0.1438140869140625,0.0,-0.12273406982421875,True
STL@DAL,DAL team total,under,4.5,fanduel,-340,0.7727272727272727,0.7600784301757812,0.0,-0.016369090360753624,True
STL@DAL,DAL team total,under,5.5,fanduel,-1100,0.9166666666666667,0.8990631103515625,0.0,-0.019203879616477293,True
STL@DAL,DAL team total,under,6.5,fanduel,-3500,0.9722222222222223,0.9671554565429688,0.0,-0.00521153041294653,True
STL@DAL,DAL team total,under,7.5,fanduel,-8000,0.9876543209876544,0.9907989501953125,0.0,0.003183937072753773,True
NYR@DET,NYR puck line,+1.5,1.5,draftkings,-245,0.7101449275362319,0.6821136474609375,0.0,-0.03947261888153697,False
NYR@DET,NYR puck line,-3.5,-3.5,draftkings,900,0.1,0.0547027587890625,0.0,-0.452972412109375,True
NYR@DET,NYR puck line,-2.5,-2.5,draftkings,390,0.2040816326530612,0.1530303955078125,0.0,-0.25015106201171866,True
NYR@DET,NYR puck line,-1.5,-1.5,draftkings,230,0.30303030303030304,0.2542266845703125,0.0,-0.16105194091796882,False
NYR@DET,NYR puck line,+2.5,2.5,draftkings,-475,0.8260869565217391,0.7995452880859375,0.0,-0.03212938810649668,True
NYR@DET,NYR puck line,+3.5,3.5,draftkings,-1400,0.9333333333333333,0.9228591918945312,0.0,-0.011222294398716581,True
NYR@DET,NYR puck line,+1.5,1.5,fanduel,-240,0.7058823529411764,0.6821136474609375,0.0,-0.033672332763671875,False
NYR@DET,NYR puck line,-4.5,-4.5,fanduel,3600,0.02702702702702703,0.018798828125,0.0,-0.304443359375,True
NYR@DET,NYR puck line,-3.5,-3.5,fanduel,1320,0.07042253521126761,0.0547027587890625,0.0,-0.2232208251953125,True
NYR@DET,NYR puck line,-2.5,-2.5,fanduel,450,0.18181818181818182,0.1530303955078125,0.0,-0.15833282470703125,True
NYR@DET,NYR puck line,-1.5,-1.5,fanduel,250,0.2857142857142857,0.2542266845703125,0.0,-0.11020660400390625,False
NYR@DET,NYR puck line,+2.5,2.5,fanduel,-450,0.8181818181818181,0.7995452880859375,0.0,-0.02277798122829855,True
NYR@DET,NYR puck line,+3.5,3.5,fanduel,-1600,0.9411764705882353,0.9228591918945312,0.0,-0.019462108612060547,True
NYR@DET,NYR puck line,+4.5,4.5,fanduel,-5000,0.9803921568627451,0.97198486328125,0.0,-0.008575439453125,True
NYR@DET,NYR puck line,+5.5,5.5,fanduel,-20000,0.9950248756218907,0.9910125732421875,0.0,-0.004032363891601665,True
NYR@DET,NYR puck line,+6.5,6.5,fanduel,-50000,0.998003992015968,0.9976119995117188,0.0,-0.00039277648925784003,True
NYR@DET,DET puck line,-1.5,-1.5,draftkings,200,0.3333333333333333,0.3178863525390625,0.0,-0.0463409423828125,False
NYR@DET,DET puck line,-3.5,-3.5,draftkings,700,0.125,0.07714080810546875,0.0,-0.38287353515625,True
NYR@DET,DET puck line,-2.5,-2.5,draftkings,310,0.24390243902439027,0.2004547119140625,0.0,-0.1781356811523438,True
NYR@DET,DET puck line,+1.5,1.5,draftkings,-325,0.7647058823529411,0.7457733154296875,0.0,-0.024757972130408645,False
NYR@DET,DET puck line,+2.5,2.5,draftkings,-630,0.8630136986301371,0.8469696044921875,0.0,-0.01859077574714796,True
NYR@DET,DET puck line,+3.5,3.5,draftkings,-2200,0.9565217391304348,0.9452972412109375,0.0,-0.011734702370383543,True
NYR@DET,DET puck line,-1.5,-1.5,fanduel,190,0.3448275862068966,0.3178863525390625,0.0,-0.0781295776367188,False
NYR@DET,DET puck line,-5.5,-5.5,fanduel,5000,0.0196078431372549,0.0089874267578125,0.0,-0.5416412353515625,True
NYR@DET,DET puck line,-4.5,-4.5,fanduel,2000,0.047619047619047616,0.02801513671875,0.0,-0.41168212890625,True
NYR@DET,DET puck line,-3.5,-3.5,fanduel,830,0.1075268817204301,0.07714080810546875,0.0,-0.2825904846191406,True
NYR@DET,DET puck line,-2.5,-2.5,fanduel,310,0.24390243902439027,0.2004547119140625,0.0,-0.1781356811523438,True
NYR@DET,DET puck line,+1.5,1.5,fanduel,-350,0.7777777777777779,0.7457733154296875,0.0,-0.041148594447544706,False
NYR@DET,DET puck line,+2.5,2.5,fanduel,-700,0.875,0.8469696044921875,0.0,-0.0320347377232143,True
NYR@DET,DET puck line,+3.5,3.5,fanduel,-3000,0.9677419354838709,0.9452972412109375,0.0,-0.023192850748697813,True
NYR@DET,DET puck line,+4.5,4.5,fanduel,-8000,0.9876543209876544,0.981201171875,0.0,-0.006533813476562567,True
NYR@DET,DET puck line,+5.5,5.5,fanduel,-50000,0.998003992015968,0.9945907592773438,0.0,-0.0034200592041016,True
NYR@DET,Game total,over,5.5,draftkings,-135,0.574468085106383,0.5158920288085938,0.0,-0.10196572762948497,False
NYR@DET,Game total,over,3.5,draftkings,-825,0.891891891891892,0.8442764282226562,0.0,-0.05338703502308251,True
NYR@DET,Game total,over,4.5,draftkings,-420,0.8076923076923077,0.7572479248046875,0.0,-0.062454950241815466,True
NYR@DET,Game total,over,6.5,draftkings,110,0.47619047619047616,0.401275634765625,0.0,-0.15732116699218746,False
NYR@DET,Game total,over,7.5,draftkings,265,0.273972602739726,0.20458984375,0.0,-0.25324707031250004,True
NYR@DET,Game total,over,8.5,draftkings,400,0.2,0.13674163818359375,0.0,-0.31629180908203125,True
NYR@DET,Game total,over,9.5,draftkings,850,0.10526315789473684,0.0528106689453125,0.0,-0.49829864501953125,True
NYR@DET,Game total,over,5.5,fanduel,-128,0.5614035087719298,0.5158920288085938,0.0,-0.08106732368469238,False
NYR@DET,Game total,over,2.5,fanduel,-4500,0.9782608695652175,0.966339111328125,0.0,-0.01218668619791674,True
NYR@DET,Game total,over,3.0,fanduel,-5000,0.9803921568627451,0.8442764282226562,0.12206268310546875,-0.016775360107421866,True
NYR@DET,Game total,over,3.5,fanduel,-750,0.8823529411764706,0.8442764282226562,0.0,-0.04315338134765623,True
NYR@DET,Game total,over,4.0,fanduel,-620,0.861111111111111,0.7572479248046875,0.08702850341796875,-0.03358680971207151,True
NYR@DET,Game total,over,4.5,fanduel,-400,0.8,0.7572479248046875,0.0,-0.053440093994140625,True
NYR@DET,Game total,over,5.0,fanduel,-260,0.7222222222222222,0.5158920288085938,0.24135589599609375,-0.04433206411508417,False
NYR@DET,Game total,over,6.0,fanduel,100,0.5,0.401275634765625,0.11461639404296875,-0.08283233642578125,False
NYR@DET,Game total,over,6.5,fanduel,124,0.4464285714285714,0.401275634765625,0.0,-0.10114257812499994,False
NYR@DET,Game total,over,7.0,fanduel,225,0.3076923076923077,0.20458984375,0.196685791015625,-0.138397216796875,True
NYR@DET,Game total,over,7.5,fanduel,290,0.25641025641025644,0.20458984375,0.0,-0.20209960937500004,True
NYR@DET,Game total,over,8.0,fanduel,440,0.18518518518518517,0.13674163818359375,0.06784820556640625,-0.1937469482421874,True
NYR@DET,Game total,over,8.5,fanduel,470,0.17543859649122806,0.13674163818359375,0.0,-0.22057266235351558,True
NYR@DET,Game total,over,9.5,fanduel,1120,0.0819672131147541,0.0528106689453125,0.0,-0.35570983886718754,True
NYR@DET,Game total,over,10.5,fanduel,1750,0.05405405405405406,0.0311126708984375,0.0,-0.42441558837890625,True
NYR@DET,Game total,over,11.5,fanduel,5500,0.017857142857142856,0.0089263916015625,0.0,-0.5001220703125,True
NYR@DET,Game total,under,5.5,draftkings,114,0.4672897196261683,0.48410797119140625,0.0,0.03599105834960925,False
NYR@DET,Game total,under,3.5,draftkings,470,0.17543859649122806,0.15572357177734375,0.0,-0.11237564086914065,True
NYR@DET,Game total,under,4.5,draftkings,280,0.2631578947368421,0.2427520751953125,0.0,-0.07754211425781254,True
NYR@DET,Game total,under,6.5,draftkings,-150,0.6000000000000001,0.598724365234375,0.0,-0.0021260579427083703,False
NYR@DET,Game total,under,7.5,draftkings,-385,0.7938144329896907,0.79541015625,0.0,0.002010196834415723,True
NYR@DET,Game total,under,8.5,draftkings,-650,0.8666666666666667,0.8632583618164062,0.0,-0.003932659442608233,True
NYR@DET,Game total,under,9.5,draftkings,-2000,0.9523809523809523,0.9471893310546875,0.0,-0.005451202392578125,True
NYR@DET,Game total,under,5.5,fanduel,104,0.49019607843137253,0.48410797119140625,0.0,-0.012419738769531286,False
NYR@DET,Game total,under,2.5,fanduel,1850,0.05128205128205128,0.033660888671875,0.0,-0.3436126708984375,True
NYR@DET,Game total,under,3.0,fanduel,1500,0.0625,0.033660888671875,0.12206268310546875,-0.33936309814453125,True
NYR@DET,Game total,under,3.5,fanduel,470,0.17543859649122806,0.15572357177734375,0.0,-0.11237564086914065,True
NYR@DET,Game total,under,4.0,fanduel,430,0.18867924528301888,0.15572357177734375,0.08702850341796875,-0.08763656616210935,True
NYR@DET,Game total,under,4.5,fanduel,280,0.2631578947368421,0.2427520751953125,0.0,-0.07754211425781254,True
NYR@DET,Game total,under,5.0,fanduel,205,0.3278688524590164,0.2427520751953125,0.24135589599609375,-0.01825027465820317,True
NYR@DET,Game total,under,6.0,fanduel,-122,0.5495495495495495,0.48410797119140625,0.11461639404296875,-0.004465822313652668,False
NYR@DET,Game total,under,6.5,fanduel,-156,0.609375,0.598724365234375,0.0,-0.017477964743589758,False
NYR@DET,Game total,under,7.0,fanduel,-290,0.7435897435897436,0.598724365234375,0.196685791015625,0.0018668339170258008,False
NYR@DET,Game total,under,7.5,fanduel,-430,0.8113207547169812,0.79541015625,0.0,-0.01961073764534882,True
NYR@DET,Game total,under,8.0,fanduel,-650,0.8666666666666667,0.79541015625,0.06784820556640625,-0.014370844914363023,True
NYR@DET,Game total,under,8.5,fanduel,-750,0.8823529411764706,0.8632583618164062,0.0,-0.021640523274739643,True
NYR@DET,Game total,under,9.5,fanduel,-2400,0.96,0.9471893310546875,0.0,-0.013344446818033817,True
NYR@DET,Game total,under,10.5,fanduel,-4500,0.9782608695652175,0.9688873291015625,0.0,-0.009581841362847343,True
NYR@DET,NYR team total,over,2.5,draftkings,-160,0.6153846153846154,0.5531234741210938,0.0,-0.10117435455322266,False
NYR@DET,NYR team total,over,0.5,draftkings,-3500,0.9722222222222223,0.9382171630859375,0.0,-0.034976632254464346,True
NYR@DET,NYR team total,over,1.5,draftkings,-475,0.8260869565217391,0.7745285034179688,0.0,-0.06241286428351156,True
NYR@DET,NYR team total,over,3.5,draftkings,150,0.4,0.33077239990234375,0.0,-0.17306900024414062,False
NYR@DET,NYR team total,over,4.5,draftkings,350,0.2222222222222222,0.1593170166015625,0.0,-0.28307342529296875,True
NYR@DET,NYR team total,over,5.5,draftkings,850,0.10526315789473684,0.05960845947265625,0.0,-0.4337196350097656,True
NYR@DET,NYR team total,over,2.5,fanduel,-140,0.5833333333333333,0.5531234741210938,0.0,-0.05178833007812489,False
NYR@DET,NYR team total,over,0.5,fanduel,-2400,0.96,0.9382171630859375,0.0,-0.022690455118815067,True
NYR@DET,NYR team total,over,1.5,fanduel,-410,0.803921568627451,0.7745285034179688,0.0,-0.036562105504477915,True
NYR@DET,NYR team total,over,3.5,fanduel,170,0.37037037037037035,0.33077239990234375,0.0,-0.10691452026367176,False
NYR@DET,NYR team total,over,4.5,fanduel,410,0.19607843137254904,0.1593170166015625,0.0,-0.18748321533203127,True
NYR@DET,NYR team total,over,5.5,fanduel,1080,0.0847457627118644,0.05960845947265625,0.0,-0.2966201782226562,True
NYR@DET,NYR team total,over,6.5,fanduel,3100,0.03125,0.01753997802734375,0.0,-0.438720703125,True
NYR@DET,NYR team total,under,2.5,draftkings,120,0.45454545454545453,0.44687652587890625,0.0,-0.016871643066406206,False
NYR@DET,NYR team total,under,0.5,draftkings,1100,0.08333333333333333,0.0617828369140625,0.0,-0.25860595703125,True
NYR@DET,NYR team total,under,1.5,draftkings,310,0.24390243902439027,0.22547149658203125,0.0,-0.07556686401367196,True
NYR@DET,NYR team total,under,3.5,draftkings,-200,0.6666666666666666,0.6692276000976562,0.0,0.003841400146484375,False
NYR@DET,NYR team total,under,4.5,draftkings,-550,0.8461538461538461,0.8406829833984375,0.0,-0.0064655650745738535,True
NYR@DET,NYR team total,under,5.5,draftkings,-2000,0.9523809523809523,0.9403915405273438,0.0,-0.012588882446288974,True
NYR@DET,NYR team total,under,2.5,fanduel,110,0.47619047619047616,0.44687652587890625,0.0,-0.06155929565429685,False
NYR@DET,NYR team total,under,0.5,fanduel,1160,0.07936507936507936,0.0617828369140625,0.0,-0.22153625488281248,True
NYR@DET,NYR team total,under,1.5,fanduel,290,0.25641025641025644,0.22547149658203125,0.0,-0.12066116333007815,True
NYR@DET,NYR team total,under,3.5,fanduel,-220,0.6875,0.6692276000976562,0.0,-0.02657803622159083,False
NYR@DET,NYR team total,under,4.5,fanduel,-650,0.8666666666666667,0.8406829833984375,0.0,-0.02998117300180292,True
NYR@DET,NYR team total,under,5.5,fanduel,-2000,0.9523809523809523,0.9403915405273438,0.0,-0.012588882446288974,True
NYR@DET,NYR team total,under,6.5,fanduel,-8000,0.9876543209876544,0.9824600219726562,0.0,-0.0052592277526856135,True
NYR@DET,DET team total,over,3.5,draftkings,130,0.4347826086956522,0.39019012451171875,0.0,-0.10256271362304692,False
NYR@DET,DET team total,over,0.5,draftkings,-4500,0.9782608695652175,0.95172119140625,0.0,-0.027129448784722343,True
NYR@DET,DET team total,over,1.5,draftkings,-550,0.8461538461538461,0.8163604736328125,0.0,-0.03521034934303968,True
NYR@DET,DET team total,over,2.5,draftkings,-180,0.6428571428571428,0.6123123168945312,0.0,-0.04751417371961808,False
NYR@DET,DET team total,over,4.5,draftkings,285,0.2597402597402597,0.196746826171875,0.0,-0.24252471923828123,True
NYR@DET,DET team total,over,5.5,draftkings,675,0.12903225806451613,0.07573699951171875,0.0,-0.4130382537841797,True
NYR@DET,DET team total,over,3.5,fanduel,134,0.4273504273504274,0.39019012451171875,0.0,-0.08695510864257816,False
NYR@DET,DET team total,over,0.5,fanduel,-3500,0.9722222222222223,0.95172119140625,0.0,-0.021086774553571552,True
NYR@DET,DET team total,over,1.5,fanduel,-650,0.8666666666666667,0.8163604736328125,0.0,-0.0580456073467549,True
NYR@DET,DET team total,over,2.5,fanduel,-182,0.6453900709219857,0.6123123168945312,0.0,-0.05125234415242952,False
NYR@DET,DET team total,over,4.5,fanduel,320,0.23809523809523808,0.196746826171875,0.0,-0.17366333007812496,True
NYR@DET,DET team total,over,5.5,fanduel,820,0.10869565217391305,0.07573699951171875,0.0,-0.30321960449218754,True
NYR@DET,DET team total,over,6.5,fanduel,2000,0.047619047619047616,0.0227508544921875,0.0,-0.5222320556640625,True
NYR@DET,DET team total,over,7.5,fanduel,6500,0.015151515151515152,0.00553131103515625,0.0,-0.6349334716796875,True
NYR@DET,DET team total,under,3.5,draftkings,-170,0.6296296296296295,0.6098098754882812,0.0,-0.03147843304802378,False
NYR@DET,DET team total,under,0.5,draftkings,1200,0.07692307692307693,0.04827880859375,0.0,-0.37237548828125,True
NYR@DET,DET team total,under,1.5,draftkings,350,0.2222222222222222,0.1836395263671875,0.0,-0.17362213134765625,True
NYR@DET,DET team total,under,2.5,draftkings,140,0.4166666666666667,0.38768768310546875,0.0,-0.069549560546875,False
NYR@DET,DET team total,under,4.5,draftkings,-425,0.8095238095238095,0.803253173828125,0.0,-0.007746079388786686,True
NYR@DET,DET team total,under,5.5,draftkings,-1350,0.9310344827586208,0.9242630004882812,0.0,-0.007273073549623921,True
NYR@DET,DET team total,under,3.5,fanduel,-172,0.6323529411764706,0.6098098754882812,0.0,-0.035649499227834225,False
NYR@DET,DET team total,under,0.5,fanduel,1480,0.06329113924050632,0.04827880859375,0.0,-0.23719482421874993,True
NYR@DET,DET team total,under,1.5,fanduel,410,0.19607843137254904,0.1836395263671875,0.0,-0.06343841552734386,True
NYR@DET,DET team total,under,2.5,fanduel,144,0.4098360655737705,0.38768768310546875,0.0,-0.05404205322265632,False
NYR@DET,DET team total,under,4.5,fanduel,-460,0.8214285714285714,0.803253173828125,0.0,-0.022126570991847783,True
NYR@DET,DET team total,under,5.5,fanduel,-1600,0.9411764705882353,0.9242630004882812,0.0,-0.017970561981201172,True
NYR@DET,DET team total,under,6.5,fanduel,-5000,0.9803921568627451,0.9772491455078125,0.0,-0.003205871582031228,True
WSH@CAR,Game total,over,6.5,fanduel,106,0.4854368932038835,0.4917144775390625,0.0,0.01293182373046875,False
WSH@CAR,Game total,over,2.5,fanduel,-6000,0.9836065573770493,0.979217529296875,0.0,-0.004462178548177098,True
WSH@CAR,Game total,over,3.0,fanduel,-8000,0.9876543209876544,0.8898544311523438,0.08936309814453125,-0.009659290313720703,True
WSH@CAR,Game total,over,3.5,fanduel,-950,0.9047619047619049,0.8898544311523438,0.0,-0.016476681357936007,True
WSH@CAR,Game total,over,4.0,fanduel,-800,0.8888888888888888,0.8197021484375,0.07015228271484375,-0.00768280029296875,True
WSH@CAR,Game total,over,4.5,fanduel,-460,0.8214285714285714,0.8197021484375,0.0,-0.00210173233695643,True
WSH@CAR,Game total,over,5.0,fanduel,-310,0.7560975609756098,0.60382080078125,0.21588134765625,0.014483051915322509,False
WSH@CAR,Game total,over,5.5,fanduel,-156,0.609375,0.60382080078125,0.0,-0.00911458333333337,False
WSH@CAR,Game total,over,6.0,fanduel,-120,0.5454545454545454,0.4917144775390625,0.1121063232421875,0.01358286539713549,False
WSH@CAR,Game total,over,7.0,fanduel,186,0.34965034965034963,0.275146484375,0.2165679931640625,0.003486938476562562,False
WSH@CAR,Game total,over,7.5,fanduel,250,0.2857142857142857,0.275146484375,0.0,-0.0369873046875,False
WSH@CAR,Game total,over,8.0,fanduel,350,0.2222222222222222,0.193695068359375,0.081451416015625,-0.0469207763671875,True
WSH@CAR,Game total,over,8.5,fanduel,380,0.20833333333333334,0.193695068359375,0.0,-0.07026367187500004,True
WSH@CAR,Game total,over,9.5,fanduel,860,0.10416666666666667,0.08359527587890625,0.0,-0.19748535156250002,True
WSH@CAR,Game total,over,10.5,fanduel,1340,0.06944444444444445,0.05120849609375,0.0,-0.26259765625,True
WSH@CAR,Game total,over,11.5,fanduel,3100,0.03125,0.0169525146484375,0.0,-0.45751953125,True
WSH@CAR,Game total,over,12.5,fanduel,5000,0.0196078431372549,0.0094451904296875,0.0,-0.5182952880859375,True
WSH@CAR,Game total,over,6.5,draftkings,110,0.47619047619047616,0.4917144775390625,0.0,0.03260040283203125,False
WSH@CAR,Game total,over,3.5,draftkings,-875,0.8974358974358974,0.8898544311523438,0.0,-0.008447919573102647,True
WSH@CAR,Game total,over,4.5,draftkings,-440,0.8148148148148148,0.8197021484375,0.0,0.005998091264204586,True
WSH@CAR,Game total,over,5.5,draftkings,-150,0.6000000000000001,0.60382080078125,0.0,0.006368001302083259,False
WSH@CAR,Game total,over,7.5,draftkings,240,0.29411764705882354,0.275146484375,0.0,-0.06450195312500007,False
WSH@CAR,Game total,over,8.5,draftkings,360,0.2173913043478261,0.193695068359375,0.0,-0.10900268554687509,True
WSH@CAR,Game total,over,9.5,draftkings,800,0.1111111111111111,0.08359527587890625,0.0,-0.24764251708984375,True
WSH@CAR,Game total,under,6.5,fanduel,-130,0.5652173913043479,0.5082855224609375,0.0,-0.10072561410757219,False
WSH@CAR,Game total,under,2.5,fanduel,2300,0.041666666666666664,0.020782470703125,0.0,-0.501220703125,True
WSH@CAR,Game total,under,3.0,fanduel,1800,0.05263157894736842,0.020782470703125,0.08936309814453125,-0.5157699584960938,True
WSH@CAR,Game total,under,3.5,fanduel,560,0.15151515151515152,0.11014556884765625,0.0,-0.27303924560546877,True
WSH@CAR,Game total,under,4.0,fanduel,520,0.16129032258064516,0.11014556884765625,0.07015228271484375,-0.24694519042968743,True
WSH@CAR,Game total,under,4.5,fanduel,320,0.23809523809523808,0.1802978515625,0.0,-0.24274902343749993,True
WSH@CAR,Game total,under,5.0,fanduel,240,0.29411764705882354,0.1802978515625,0.21588134765625,-0.17110595703124998,True
WSH@CAR,Game total,under,5.5,fanduel,122,0.4504504504504505,0.39617919921875,0.0,-0.12048217773437508,False
WSH@CAR,Game total,under,6.0,fanduel,-102,0.504950495049505,0.39617919921875,0.1121063232421875,-0.103303497912837,False
WSH@CAR,Game total,under,7.0,fanduel,-235,0.7014925373134329,0.5082855224609375,0.2165679931640625,-0.05885477268949468,False
WSH@CAR,Game total,under,7.5,fanduel,-350,0.7777777777777779,0.724853515625,0.0,-0.06804547991071441,False
WSH@CAR,Game total,under,8.0,fanduel,-480,0.8275862068965518,0.724853515625,0.081451416015625,-0.04268391927083337,False
WSH@CAR,Game total,under,8.5,fanduel,-600,0.8571428571428571,0.806304931640625,0.0,-0.05931091308593739,True
WSH@CAR,Game total,under,9.5,fanduel,-1600,0.9411764705882353,0.9164047241210938,0.0,-0.02631998062133789,True
WSH@CAR,Game total,under,10.5,fanduel,-3000,0.9677419354838709,0.94879150390625,0.0,-0.01958211263020826,True
WSH@CAR,Game total,under,11.5,fanduel,-8000,0.9876543209876544,0.9830474853515625,0.0,-0.004664421081542969,True
WSH@CAR,Game total,under,6.5,draftkings,-130,0.5652173913043479,0.5082855224609375,0.0,-0.10072561410757219,False
WSH@CAR,Game total,under,3.5,draftkings,490,0.1694915254237288,0.11014556884765625,0.0,-0.3501411437988281,True
WSH@CAR,Game total,under,4.5,draftkings,295,0.2531645569620253,0.1802978515625,0.0,-0.28782348632812493,True
WSH@CAR,Game total,under,5.5,draftkings,110,0.47619047619047616,0.39617919921875,0.0,-0.16802368164062498,False
WSH@CAR,Game total,under,7.5,draftkings,-340,0.7727272727272727,0.724853515625,0.0,-0.061954273897058765,False
WSH@CAR,Game total,under,8.5,draftkings,-575,0.851851851851852,0.806304931640625,0.0,-0.053468123726222894,True
WSH@CAR,Game total,under,9.5,draftkings,-1800,0.9473684210526315,0.9164047241210938,0.0,-0.032683902316623215,True
WSH@CAR,WSH puck line,+1.5,1.5,fanduel,-210,0.6774193548387096,0.6462554931640625,0.0,-0.04600379580543146,False
WSH@CAR,WSH puck line,-4.5,-4.5,fanduel,3600,0.02702702702702703,0.01758575439453125,0.0,-0.34932708740234375,True
WSH@CAR,WSH puck line,-3.5,-3.5,fanduel,1340,0.06944444444444445,0.05040740966796875,0.0,-0.27413330078125,True
WSH@CAR,WSH puck line,-2.5,-2.5,fanduel,460,0.17857142857142858,0.1399688720703125,0.0,-0.21617431640625007,True
WSH@CAR,WSH puck line,-1.5,-1.5,fanduel,280,0.2631578947368421,0.23026275634765625,0.0,-0.12500152587890634,True
WSH@CAR,WSH puck line,+2.5,2.5,fanduel,-380,0.7916666666666667,0.7657852172851562,0.0,-0.03269235711348695,True
WSH@CAR,WSH puck line,+3.5,3.5,fanduel,-1350,0.9310344827586208,0.900146484375,0.0,-0.03317599826388895,True
WSH@CAR,WSH puck line,+4.5,4.5,fanduel,-4500,0.9782608695652175,0.9602737426757812,0.0,-0.01838684082031261,True
WSH@CAR,WSH puck line,+5.5,5.5,fanduel,-8000,0.9876543209876544,0.9864654541015625,0.0,-0.0012037277221680354,True
WSH@CAR,WSH puck line,+6.5,6.5,fanduel,-50000,0.998003992015968,0.9960784912109375,0.0,-0.0019293518066406667,True
WSH@CAR,WSH puck line,+1.5,1.5,draftkings,-205,0.6721311475409836,0.6462554931640625,0.0,-0.0384979248046875,False
WSH@CAR,WSH puck line,-3.5,-3.5,draftkings,1000,0.09090909090909091,0.05040740966796875,0.0,-0.44551849365234375,True
WSH@CAR,WSH puck line,-2.5,-2.5,draftkings,440,0.18518518518518517,0.1399688720703125,0.0,-0.24416809082031243,True
WSH@CAR,WSH puck line,-1.5,-1.5,draftkings,255,0.28169014084507044,0.23026275634765625,0.0,-0.1825672149658204,True
WSH@CAR,WSH puck line,+2.5,2.5,draftkings,-385,0.7938144329896907,0.7657852172851562,0.0,-0.03530953147194593,True
WSH@CAR,WSH puck line,+3.5,3.5,draftkings,-1200,0.9230769230769231,0.900146484375,0.0,-0.02484130859375011,True
WSH@CAR,CAR puck line,-1.5,-1.5,fanduel,168,0.373134328358209,0.3537445068359375,0.0,-0.051964721679687575,False
WSH@CAR,CAR puck line,-5.5,-5.5,fanduel,4300,0.022727272727272728,0.0135345458984375,0.0,-0.40447998046875,True
WSH@CAR,CAR puck line,-4.5,-4.5,fanduel,1750,0.05405405405405406,0.03972625732421875,0.0,-0.2650642395019531,True
WSH@CAR,CAR puck line,-3.5,-3.5,fanduel,720,0.12195121951219513,0.099853515625,0.0,-0.18120117187500007,True
WSH@CAR,CAR puck line,-2.5,-2.5,fanduel,270,0.27027027027027023,0.23421478271484375,0.0,-0.1334053039550781,True
WSH@CAR,CAR puck line,+1.5,1.5,fanduel,-400,0.8,0.7697372436523438,0.0,-0.03782844543457031,True
WSH@CAR,CAR puck line,+2.5,2.5,fanduel,-750,0.8823529411764706,0.8600311279296875,0.0,-0.025298055013020848,True
WSH@CAR,CAR puck line,+3.5,3.5,fanduel,-3000,0.9677419354838709,0.9495925903320312,0.0,-0.018754323323567634,True
WSH@CAR,CAR puck line,+4.5,4.5,fanduel,-8000,0.9876543209876544,0.9824142456054688,0.0,-0.005305576324462935,True
WSH@CAR,CAR puck line,+5.5,5.5,fanduel,-20000,0.9950248756218907,0.9948959350585938,0.0,-0.0001295852661133967,True
WSH@CAR,CAR puck line,-1.5,-1.5,draftkings,170,0.37037037037037035,0.3537445068359375,0.0,-0.04488983154296866,False
WSH@CAR,CAR puck line,-3.5,-3.5,draftkings,625,0.13793103448275862,0.099853515625,0.0,-0.27606201171875,True
WSH@CAR,CAR puck line,-2.5,-2.5,draftkings,265,0.273972602739726,0.23421478271484375,0.0,-0.14511604309082038,True
WSH@CAR,CAR puck line,+1.5,1.5,draftkings,-370,0.7872340425531915,0.7697372436523438,0.0,-0.02222566346864452,True
WSH@CAR,CAR puck line,+2.5,2.5,draftkings,-750,0.8823529411764706,0.8600311279296875,0.0,-0.025298055013020848,True
WSH@CAR,CAR puck line,+3.5,3.5,draftkings,-2800,0.9655172413793103,0.9495925903320312,0.0,-0.016493388584681856,True
WSH@CAR,WSH team total,over,2.5,draftkings,-160,0.6153846153846154,0.5799942016601562,0.0,-0.057509422302246094,False
WSH@CAR,WSH team total,over,0.5,draftkings,-3500,0.9722222222222223,0.947021484375,0.0,-0.025920758928571486,True
WSH@CAR,WSH team total,over,1.5,draftkings,-450,0.8181818181818181,0.7952346801757812,0.0,-0.02804650200737835,True
WSH@CAR,WSH team total,over,3.5,draftkings,155,0.3921568627450981,0.36153411865234375,0.0,-0.0780879974365235,False
WSH@CAR,WSH team total,over,4.5,draftkings,360,0.2173913043478261,0.18459320068359375,0.0,-0.15087127685546886,True
WSH@CAR,WSH team total,over,5.5,draftkings,900,0.1,0.0741119384765625,0.0,-0.258880615234375,True
WSH@CAR,WSH team total,over,2.5,fanduel,-146,0.5934959349593496,0.5799942016601562,0.0,-0.022749495832887323,False
WSH@CAR,WSH team total,over,0.5,fanduel,-2400,0.96,0.947021484375,0.0,-0.013519287109374889,True
WSH@CAR,WSH team total,over,1.5,fanduel,-450,0.8181818181818181,0.7952346801757812,0.0,-0.02804650200737835,True
WSH@CAR,WSH team total,over,3.5,fanduel,164,0.37878787878787884,0.36153411865234375,0.0,-0.045549926757812664,False
WSH@CAR,WSH team total,over,4.5,fanduel,390,0.2040816326530612,0.18459320068359375,0.0,-0.09549331665039051,True
WSH@CAR,WSH team total,over,5.5,fanduel,980,0.09259259259259259,0.0741119384765625,0.0,-0.1995910644531249,True
WSH@CAR,WSH team total,over,6.5,fanduel,2400,0.04,0.0230865478515625,0.0,-0.4228363037109375,True
WSH@CAR,WSH team total,under,2.5,draftkings,120,0.45454545454545453,0.42000579833984375,0.0,-0.07598724365234366,False
WSH@CAR,WSH team total,under,0.5,draftkings,1100,0.08333333333333333,0.052978515625,0.0,-0.3642578125,True
WSH@CAR,WSH team total,under,1.5,draftkings,300,0.25,0.20476531982421875,0.0,-0.180938720703125,True
WSH@CAR,WSH team total,under,3.5,draftkings,-210,0.6774193548387096,0.6384658813476562,0.0,-0.05750274658203125,False
WSH@CAR,WSH team total,under,4.5,draftkings,-575,0.851851851851852,0.8154067993164062,0.0,-0.0427833225416101,True
WSH@CAR,WSH team total,under,5.5,draftkings,-2200,0.9565217391304348,0.9258880615234375,0.0,-0.03202611749822448,True
WSH@CAR,WSH team total,under,2.5,fanduel,116,0.4629629629629629,0.42000579833984375,0.0,-0.09278747558593747,False
WSH@CAR,WSH team total,under,0.5,fanduel,1220,0.07575757575757576,0.052978515625,0.0,-0.3006835937500001,True
WSH@CAR,WSH team total,under,1.5,fanduel,310,0.24390243902439027,0.20476531982421875,0.0,-0.16046218872070317,True
WSH@CAR,WSH team total,under,3.5,fanduel,-215,0.6825396825396826,0.6384658813476562,0.0,-0.06457324360692229,False
WSH@CAR,WSH team total,under,4.5,fanduel,-600,0.8571428571428571,0.8154067993164062,0.0,-0.048692067464192634,True
WSH@CAR,WSH team total,under,5.5,fanduel,-2000,0.9523809523809523,0.9258880615234375,0.0,-0.02781753540039056,True
WSH@CAR,WSH team total,under,6.5,fanduel,-6000,0.9836065573770493,0.9769134521484375,0.0,-0.006804656982421942,True
WSH@CAR,CAR team total,over,3.5,draftkings,110,0.47619047619047616,0.4757232666015625,0.0,-0.0009811401367186834,False
WSH@CAR,CAR team total,over,0.5,draftkings,-4500,0.9782608695652175,0.9685440063476562,0.0,-0.009932793511284843,True
WSH@CAR,CAR team total,over,1.5,draftkings,-600,0.8571428571428571,0.8653488159179688,0.0,0.009573618570963616,True
WSH@CAR,CAR team total,over,2.5,draftkings,-210,0.6774193548387096,0.6922988891601562,0.0,0.02196502685546875,False
WSH@CAR,CAR team total,over,4.5,draftkings,255,0.28169014084507044,0.26398468017578125,0.0,-0.06285438537597665,False
WSH@CAR,CAR team total,over,5.5,draftkings,575,0.14814814814814814,0.11685943603515625,0.0,-0.2111988067626953,True
WSH@CAR,CAR team total,over,3.5,fanduel,108,0.4807692307692307,0.4757232666015625,0.0,-0.010495605468749947,False
WSH@CAR,CAR team total,over,0.5,fanduel,-4500,0.9782608695652175,0.9685440063476562,0.0,-0.009932793511284843,True
WSH@CAR,CAR team total,over,1.5,fanduel,-700,0.875,0.8653488159179688,0.0,-0.011029924665178603,True
WSH@CAR,CAR team total,over,2.5,fanduel,-225,0.6923076923076923,0.6922988891601562,0.0,-1.271565755212034e-05,False
WSH@CAR,CAR team total,over,4.5,fanduel,250,0.2857142857142857,0.26398468017578125,0.0,-0.07605361938476562,False
WSH@CAR,CAR team total,over,5.5,fanduel,620,0.1388888888888889,0.11685943603515625,0.0,-0.15861206054687493,True
WSH@CAR,CAR team total,over,6.5,fanduel,1480,0.06329113924050632,0.0402679443359375,0.0,-0.36376647949218743,True
WSH@CAR,CAR team total,over,7.5,fanduel,4600,0.02127659574468085,0.0109710693359375,0.0,-0.4843597412109375,True
WSH@CAR,CAR team total,under,3.5,draftkings,-150,0.6000000000000001,0.5242767333984375,0.0,-0.1262054443359376,False
WSH@CAR,CAR team total,under,0.5,draftkings,1200,0.07692307692307693,0.03145599365234375,0.0,-0.5910720825195312,True
WSH@CAR,CAR team total,under,1.5,draftkings,370,0.2127659574468085,0.13465118408203125,0.0,-0.3671394348144531,True
WSH@CAR,CAR team total,under,2.5,draftkings,155,0.3921568627450981,0.30770111083984375,0.0,-0.21536216735839853,False
WSH@CAR,CAR team total,under,4.5,draftkings,-370,0.7872340425531915,0.7360153198242188,0.0,-0.06506162076383026,False
WSH@CAR,CAR team total,under,5.5,draftkings,-1050,0.9130434782608695,0.8831405639648438,0.0,-0.03275081089564724,True
WSH@CAR,CAR team total,under,3.5,fanduel,-138,0.5798319327731092,0.5242767333984375,0.0,-0.09581259022588307,False
WSH@CAR,CAR team total,under,0.5,fanduel,1650,0.05714285714285714,0.03145599365234375,0.0,-0.4495201110839844,True
WSH@CAR,CAR team total,under,1.5,fanduel,450,0.18181818181818182,0.13465118408203125,0.0,-0.2594184875488281,True
WSH@CAR,CAR team total,under,4.5,fanduel,-360,0.782608695652174,0.7360153198242188,0.0,-0.059535980224609486,False
WSH@CAR,CAR team total,under,5.5,fanduel,-1100,0.9166666666666667,0.8831405639648438,0.0,-0.036573930220170525,True
WSH@CAR,CAR team total,under,6.5,fanduel,-3500,0.9722222222222223,0.9597320556640625,0.0,-0.012847028459821552,True
WSH@CAR,CAR team total,under,7.5,fanduel,-8000,0.9876543209876544,0.9890289306640625,0.0,0.0013917922973631924,True
ANA@VGK,Game total,over,6.5,draftkings,-122,0.5495495495495495,0.562713623046875,0.0,0.023954297675460978,False
ANA@VGK,Game total,over,3.5,draftkings,-1300,0.9285714285714286,0.9195175170898438,0.0,-0.0097503662109375,True
ANA@VGK,Game total,over,4.5,draftkings,-630,0.8630136986301371,0.8608779907226562,0.0,-0.0024747091626364792,True
ANA@VGK,Game total,over,5.5,draftkings,-210,0.6774193548387096,0.6720657348632812,0.0,-0.00790296282087044,False
ANA@VGK,Game total,over,7.5,draftkings,170,0.37037037037037035,0.3432769775390625,0.0,-0.07315216064453123,False
ANA@VGK,Game total,over,8.5,draftkings,265,0.273972602739726,0.25122833251953125,0.0,-0.083016586303711,False
ANA@VGK,Game total,over,9.5,draftkings,575,0.14814814814814814,0.1182403564453125,0.0,-0.20187759399414062,True
ANA@VGK,Game total,over,6.5,fanduel,-122,0.5495495495495495,0.562713623046875,0.0,0.023954297675460978,False
ANA@VGK,Game total,over,2.5,fanduel,-8000,0.9876543209876544,0.985992431640625,0.0,-0.0016826629638672097,True
ANA@VGK,Game total,over,3.0,fanduel,-10000,0.9900990099009901,0.9195175170898438,0.06647491455078125,-0.004812393188476594,True
ANA@VGK,Game total,over,3.5,fanduel,-1350,0.9310344827586208,0.9195175170898438,0.0,-0.01237007423683456,True
ANA@VGK,Game total,over,4.0,fanduel,-1250,0.9259259259259258,0.8608779907226562,0.0586395263671875,-0.011612243652343701,True
ANA@VGK,Game total,over,4.5,fanduel,-650,0.8666666666666667,0.8608779907226562,0.0,-0.006679241473858233,True
ANA@VGK,Game total,over,5.0,fanduel,-450,0.8181818181818181,0.6720657348632812,0.188812255859375,0.01022593180338549,False
ANA@VGK,Game total,over,5.5,fanduel,-210,0.6774193548387096,0.6720657348632812,0.0,-0.00790296282087044,False
ANA@VGK,Game total,over,6.0,fanduel,-164,0.6212121212121212,0.562713623046875,0.10935211181640625,0.015183797696741719,False
ANA@VGK,Game total,over,7.0,fanduel,134,0.4273504273504274,0.3432769775390625,0.2194366455078125,0.022704772949218688,False
ANA@VGK,Game total,over,7.5,fanduel,184,0.35211267605633806,0.3432769775390625,0.0,-0.025093383789062562,False
ANA@VGK,Game total,over,8.0,fanduel,260,0.2777777777777778,0.25122833251953125,0.09204864501953125,-0.0035293579101561834,False
ANA@VGK,Game total,over,8.5,fanduel,290,0.25641025641025644,0.25122833251953125,0.0,-0.02020950317382819,False
ANA@VGK,Game total,over,9.5,fanduel,640,0.13513513513513511,0.1182403564453125,0.0,-0.1250213623046874,True
ANA@VGK,Game total,over,10.5,fanduel,1040,0.08771929824561403,0.07568359375,0.0,-0.13720703125,True
ANA@VGK,Game total,over,11.5,fanduel,2200,0.043478260869565216,0.0280914306640625,0.0,-0.3538970947265625,True
ANA@VGK,Game total,over,12.5,fanduel,4300,0.022727272727272728,0.0157470703125,0.0,-0.30712890625,True
ANA@VGK,Game total,under,6.5,draftkings,102,0.49504950495049505,0.437286376953125,0.0,-0.11668151855468745,False
ANA@VGK,Game total,under,3.5,draftkings,650,0.13333333333333333,0.08048248291015625,0.0,-0.3963813781738281,True
ANA@VGK,Game total,under,4.5,draftkings,390,0.2040816326530612,0.13912200927734375,0.0,-0.3183021545410156,True
ANA@VGK,Game total,under,5.5,draftkings,155,0.3921568627450981,0.32793426513671875,0.0,-0.16376762390136723,False
ANA@VGK,Game total,under,7.5,draftkings,-230,0.696969696969697,0.6567230224609375,0.0,-0.0577452286430028,False
ANA@VGK,Game total,under,8.5,draftkings,-385,0.7938144329896907,0.7487716674804688,0.0,-0.056742185122006794,False
ANA@VGK,Game total,under,9.5,draftkings,-1050,0.9130434782608695,0.8817596435546875,0.0,-0.034263247535342156,True
ANA@VGK,Game total,under,6.5,fanduel,100,0.5,0.437286376953125,0.0,-0.12542724609375,False
ANA@VGK,Game total,under,2.5,fanduel,2900,0.03333333333333333,0.014007568359375,0.0,-0.57977294921875,True
ANA@VGK,Game total,under,3.0,fanduel,2200,0.043478260869565216,0.014007568359375,0.06647491455078125,-0.6113510131835938,True
ANA@VGK,Game total,under,3.5,fanduel,740,0.11904761904761904,0.08048248291015625,0.0,-0.32394714355468746,True
ANA@VGK,Game total,under,4.0,fanduel,710,0.1234567901234568,0.08048248291015625,0.0586395263671875,-0.2894523620605469,True
ANA@VGK,Game total,under,4.5,fanduel,420,0.1923076923076923,0.13912200927734375,0.0,-0.2765655517578125,True
ANA@VGK,Game total,under,5.0,fanduel,330,0.23255813953488372,0.13912200927734375,0.188812255859375,-0.21296310424804688,True
ANA@VGK,Game total,under,5.5,fanduel,160,0.3846153846153846,0.32793426513671875,0.0,-0.14737091064453123,False
ANA@VGK,Game total,under,6.0,fanduel,136,0.42372881355932196,0.32793426513671875,0.10935211181640625,-0.11672302246093735,False
ANA@VGK,Game total,under,7.0,fanduel,-164,0.6212121212121212,0.437286376953125,0.2194366455078125,-0.07663894281154726,False
ANA@VGK,Game total,under,7.5,fanduel,-240,0.7058823529411764,0.6567230224609375,0.0,-0.06964238484700513,False
ANA@VGK,Game total,under,8.0,fanduel,-340,0.7727272727272727,0.6567230224609375,0.09204864501953125,-0.05807450238396139,False
ANA@VGK,Game total,under,8.5,fanduel,-410,0.803921568627451,0.7487716674804688,0.0,-0.06860109654868518,False
ANA@VGK,Game total,under,9.5,fanduel,-1250,0.9259259259259258,0.8817596435546875,0.0,-0.0476995849609374,True
ANA@VGK,Game total,under,10.5,fanduel,-2000,0.9523809523809523,0.92431640625,0.0,-0.029467773437499956,True
ANA@VGK,Game total,under,11.5,fanduel,-6000,0.9836065573770493,0.9719085693359375,0.0,-0.011892954508463616,True
ANA@VGK,Game total,under,12.5,fanduel,-8000,0.9876543209876544,0.9842529296875,0.0,-0.0034439086914063166,True
ANA@VGK,ANA puck line,+1.5,1.5,draftkings,-148,0.5967741935483871,0.5828704833984375,0.0,-0.02329810889991557,False
ANA@VGK,ANA puck line,-3.5,-3.5,draftkings,1300,0.07142857142857142,0.0391845703125,0.0,-0.451416015625,True
ANA@VGK,ANA puck line,-2.5,-2.5,draftkings,575,0.14814814814814814,0.1110076904296875,0.0,-0.2506980895996094,True
ANA@VGK,ANA puck line,-1.5,-1.5,draftkings,340,0.22727272727272727,0.187164306640625,0.0,-0.17647705078124998,True
ANA@VGK,ANA puck line,+2.5,2.5,draftkings,-270,0.7297297297297298,0.7081832885742188,0.0,-0.02952660454644107,False
ANA@VGK,ANA puck line,+3.5,3.5,draftkings,-675,0.8709677419354839,0.8607559204101562,0.0,-0.01172468397352433,True
ANA@VGK,ANA puck line,+1.5,1.5,fanduel,-138,0.5798319327731092,0.5828704833984375,0.0,0.005240398904551746,False
ANA@VGK,ANA puck line,-4.5,-4.5,fanduel,6500,0.015151515151515152,0.013671875,0.0,-0.09765625,True
ANA@VGK,ANA puck line,-3.5,-3.5,fanduel,1800,0.05263157894736842,0.0391845703125,0.0,-0.2554931640625,True
ANA@VGK,ANA puck line,-2.5,-2.5,fanduel,660,0.13157894736842105,0.1110076904296875,0.0,-0.156341552734375,True
ANA@VGK,ANA puck line,-1.5,-1.5,fanduel,370,0.2127659574468085,0.187164306640625,0.0,-0.12032775878906243,True
ANA@VGK,ANA puck line,+2.5,2.5,fanduel,-235,0.7014925373134329,0.7081832885742188,0.0,0.009537879456865017,False
ANA@VGK,ANA puck line,+3.5,3.5,fanduel,-750,0.8823529411764706,0.8607559204101562,0.0,-0.024476623535156228,True
ANA@VGK,ANA puck line,+4.5,4.5,fanduel,-2000,0.9523809523809523,0.9393844604492188,0.0,-0.013646316528320268,True
ANA@VGK,ANA puck line,+5.5,5.5,fanduel,-5000,0.9803921568627451,0.9770126342773438,0.0,-0.0034471130371093173,True
ANA@VGK,ANA puck line,+6.5,6.5,fanduel,-20000,0.9950248756218907,0.9927902221679688,0.0,-0.0022458267211915572,True
ANA@VGK,VGK puck line,-1.5,-1.5,draftkings,124,0.4464285714285714,0.4171295166015625,0.0,-0.06562988281249993,False
ANA@VGK,VGK puck line,-3.5,-3.5,draftkings,410,0.19607843137254904,0.13924407958984375,0.0,-0.28985519409179694,True
ANA@VGK,VGK puck line,-2.5,-2.5,draftkings,195,0.3389830508474576,0.29181671142578125,0.0,-0.1391407012939453,False
ANA@VGK,VGK puck line,+1.5,1.5,draftkings,-525,0.84,0.812835693359375,0.0,-0.03233846028645837,True
ANA@VGK,VGK puck line,+2.5,2.5,draftkings,-1050,0.9130434782608695,0.8889923095703125,0.0,-0.02634175618489576,True
ANA@VGK,VGK puck line,+3.5,3.5,draftkings,-6000,0.9836065573770493,0.9608154296875,0.0,-0.023170979817708437,True
ANA@VGK,VGK puck line,-1.5,-1.5,fanduel,112,0.4716981132075471,0.4171295166015625,0.0,-0.11568542480468746,False
ANA@VGK,VGK puck line,-6.5,-6.5,fanduel,6000,0.01639344262295082,0.00720977783203125,0.0,-0.5602035522460938,True
ANA@VGK,VGK puck line,-5.5,-5.5,fanduel,2100,0.045454545454545456,0.02298736572265625,0.0,-0.4942779541015625,True
ANA@VGK,VGK puck line,-4.5,-4.5,fanduel,1040,0.08771929824561403,0.06061553955078125,0.0,-0.30898284912109375,True
ANA@VGK,VGK puck line,-3.5,-3.5,fanduel,460,0.17857142857142858,0.13924407958984375,0.0,-0.22023315429687507,True
ANA@VGK,VGK puck line,-2.5,-2.5,fanduel,180,0.35714285714285715,0.29181671142578125,0.0,-0.18291320800781252,False
ANA@VGK,VGK puck line,+1.5,1.5,fanduel,-600,0.8571428571428571,0.812835693359375,0.0,-0.05169169108072913,True
ANA@VGK,VGK puck line,+2.5,2.5,fanduel,-1200,0.9230769230769231,0.8889923095703125,0.0,-0.036924997965494866,True
ANA@VGK,VGK puck line,+3.5,3.5,fanduel,-4500,0.9782608695652175,0.9608154296875,0.0,-0.01783311631944451,True
ANA@VGK,VGK puck line,+4.5,4.5,fanduel,-20000,0.9950248756218907,0.986328125,0.0,-0.008740234375000155,True
ANA@VGK,VGK puck line,+5.5,5.5,fanduel,-50000,0.998003992015968,0.99609375,0.0,-0.0019140625000000355,True
ANA@VGK,ANA team total,over,2.5,draftkings,-145,0.5918367346938775,0.5769271850585938,0.0,-0.025191997659617438,False
ANA@VGK,ANA team total,over,0.5,draftkings,-2800,0.9655172413793103,0.9482040405273438,0.0,-0.01793152945382248,True
ANA@VGK,ANA team total,over,1.5,draftkings,-430,0.8113207547169812,0.79583740234375,0.0,-0.019084131994912767,True
ANA@VGK,ANA team total,over,3.5,draftkings,165,0.37735849056603776,0.35941314697265625,0.0,-0.047555160522461004,False
ANA@VGK,ANA team total,over,4.5,draftkings,370,0.2127659574468085,0.18698883056640625,0.0,-0.1211524963378906,True
ANA@VGK,ANA team total,over,5.5,draftkings,850,0.10526315789473684,0.07836151123046875,0.0,-0.2555656433105469,True
ANA@VGK,ANA team total,over,2.5,fanduel,-130,0.5652173913043479,0.5769271850585938,0.0,0.020717327411358122,False
ANA@VGK,ANA team total,over,0.5,fanduel,-2400,0.96,0.9482040405273438,0.0,-0.012287457784016853,True
ANA@VGK,ANA team total,over,1.5,fanduel,-400,0.8,0.79583740234375,0.0,-0.0052032470703125,True
ANA@VGK,ANA team total,over,3.5,fanduel,188,0.3472222222222222,0.35941314697265625,0.0,0.035109863281249876,False
ANA@VGK,ANA team total,over,4.5,fanduel,440,0.18518518518518517,0.18698883056640625,0.0,0.009739685058593794,True
ANA@VGK,ANA team total,over,5.5,fanduel,1060,0.08620689655172414,0.07836151123046875,0.0,-0.09100646972656257,True
ANA@VGK,ANA team total,over,6.5,fanduel,2800,0.034482758620689655,0.02603912353515625,0.0,-0.24486541748046875,True
ANA@VGK,ANA team total,under,2.5,draftkings,105,0.48780487804878053,0.42307281494140625,0.0,-0.13270072937011723,False
ANA@VGK,ANA team total,under,0.5,draftkings,1000,0.09090909090909091,0.05179595947265625,0.0,-0.43024444580078125,True
ANA@VGK,ANA team total,under,1.5,draftkings,290,0.25641025641025644,0.20416259765625,0.0,-0.203765869140625,True
ANA@VGK,ANA team total,under,3.5,draftkings,-225,0.6923076923076923,0.6405868530273438,0.0,-0.07470787896050346,False
ANA@VGK,ANA team total,under,4.5,draftkings,-600,0.8571428571428571,0.8130111694335938,0.0,-0.051486968994140514,True
ANA@VGK,ANA team total,under,5.5,draftkings,-2000,0.9523809523809523,0.9216384887695312,0.0,-0.032279586791992165,True
ANA@VGK,ANA team total,under,2.5,fanduel,104,0.49019607843137253,0.42307281494140625,0.0,-0.13693145751953129,False
ANA@VGK,ANA team total,under,0.5,fanduel,1120,0.0819672131147541,0.05179595947265625,0.0,-0.36808929443359384,True
ANA@VGK,ANA team total,under,1.5,fanduel,280,0.2631578947368421,0.20416259765625,0.0,-0.22418212890625,True
ANA@VGK,ANA team total,under,3.5,fanduel,-250,0.7142857142857143,0.6405868530273438,0.0,-0.10317840576171877,False
ANA@VGK,ANA team total,under,4.5,fanduel,-700,0.875,0.8130111694335938,0.0,-0.0708443777901786,True
ANA@VGK,ANA team total,under,5.5,fanduel,-2000,0.9523809523809523,0.9216384887695312,0.0,-0.032279586791992165,True
ANA@VGK,ANA team total,under,6.5,fanduel,-8000,0.9876543209876544,0.9739608764648438,0.0,-0.013864612579345792,True
ANA@VGK,VGK team total,over,3.5,draftkings,-145,0.5918367346938775,0.571258544921875,0.0,-0.03477004478717671,False
ANA@VGK,VGK team total,over,0.5,draftkings,-15000,0.9933774834437087,0.98046875,0.0,-0.012994791666666727,True
ANA@VGK,VGK team total,over,1.5,draftkings,-1150,0.92,0.9082794189453125,0.0,-0.012739762015964717,True
ANA@VGK,VGK team total,over,2.5,draftkings,-340,0.7727272727272727,0.769775390625,0.0,-0.0038200827205882026,True
ANA@VGK,VGK team total,over,4.5,draftkings,160,0.3846153846153846,0.35274505615234375,0.0,-0.08286285400390625,False
ANA@VGK,VGK team total,over,5.5,draftkings,360,0.2173913043478261,0.1749267578125,0.0,-0.1953369140625001,True
ANA@VGK,VGK team total,over,3.5,fanduel,-144,0.5901639344262295,0.571258544921875,0.0,-0.03203413221571183,False
ANA@VGK,VGK team total,over,0.5,fanduel,-6000,0.9836065573770493,0.98046875,0.0,-0.003190104166666763,True
ANA@VGK,VGK team total,over,1.5,fanduel,-1200,0.9230769230769231,0.9082794189453125,0.0,-0.016030629475911495,True
ANA@VGK,VGK team total,over,2.5,fanduel,-370,0.7872340425531915,0.769775390625,0.0,-0.0221772065033784,True
ANA@VGK,VGK team total,over,4.5,fanduel,164,0.37878787878787884,0.35274505615234375,0.0,-0.06875305175781266,False
ANA@VGK,VGK team total,over,5.5,fanduel,370,0.2127659574468085,0.1749267578125,0.0,-0.17784423828124996,True
ANA@VGK,VGK team total,over,6.5,fanduel,920,0.09803921568627452,0.06914520263671875,0.0,-0.2947189331054688,True
ANA@VGK,VGK team total,over,7.5,fanduel,2200,0.043478260869565216,0.02196502685546875,0.0,-0.49480438232421875,True
ANA@VGK,VGK team total,under,3.5,draftkings,105,0.48780487804878053,0.428741455078125,0.0,-0.12108001708984384,False
ANA@VGK,VGK team total,under,0.5,draftkings,1800,0.05263157894736842,0.01953125,0.0,-0.62890625,True
ANA@VGK,VGK team total,under,1.5,draftkings,600,0.14285714285714285,0.0917205810546875,0.0,-0.3579559326171875,True
ANA@VGK,VGK team total,under,2.5,draftkings,240,0.29411764705882354,0.230224609375,0.0,-0.21723632812500004,True
ANA@VGK,VGK team total,under,4.5,draftkings,-215,0.6825396825396826,0.6472549438476562,0.0,-0.051696245060410706,False
ANA@VGK,VGK team total,under,5.5,draftkings,-575,0.851851851851852,0.8250732421875,0.0,-0.03143575917119579,True
ANA@VGK,VGK team total,under,3.5,fanduel,114,0.4672897196261683,0.428741455078125,0.0,-0.0824932861328126,False
ANA@VGK,VGK team total,under,0.5,fanduel,2700,0.03571428571428571,0.01953125,0.0,-0.453125,True
ANA@VGK,VGK team total,under,1.5,fanduel,680,0.12820512820512822,0.0917205810546875,0.0,-0.28457946777343757,True
ANA@VGK,VGK team total,under,4.5,fanduel,-215,0.6825396825396826,0.6472549438476562,0.0,-0.051696245060410706,False
ANA@VGK,VGK team total,under,5.5,fanduel,-600,0.8571428571428571,0.8250732421875,0.0,-0.03741455078124989,True
ANA@VGK,VGK team total,under,6.5,fanduel,-1800,0.9473684210526315,0.9308547973632812,0.0,-0.017431047227647545,True
ANA@VGK,VGK team total,under,7.5,fanduel,-6000,0.9836065573770493,0.9780349731445312,0.0,-0.005664443969726651,True
BOS@WPG,WPG puck line,-1.5,-1.5,draftkings,205,0.3278688524590164,0.299224853515625,0.0,-0.08736419677734375,False
BOS@WPG,WPG puck line,-3.5,-3.5,draftkings,800,0.1111111111111111,0.06935882568359375,0.0,-0.37577056884765625,True
BOS@WPG,WPG puck line,-2.5,-2.5,draftkings,350,0.2222222222222222,0.1858673095703125,0.0,-0.16359710693359375,True
BOS@WPG,WPG puck line,+1.5,1.5,draftkings,-300,0.75,0.730926513671875,0.0,-0.02543131510416674,False
BOS@WPG,WPG puck line,+2.5,2.5,draftkings,-615,0.8601398601398601,0.8353729248046875,0.0,-0.028794079292111308,True
BOS@WPG,WPG puck line,+3.5,3.5,draftkings,-2200,0.9565217391304348,0.9399032592773438,0.0,-0.017373865300958857,True
BOS@WPG,WPG puck line,-1.5,-1.5,fanduel,205,0.3278688524590164,0.299224853515625,0.0,-0.08736419677734375,False
BOS@WPG,WPG puck line,-5.5,-5.5,fanduel,6500,0.015151515151515152,0.00730133056640625,0.0,-0.5181121826171875,True
BOS@WPG,WPG puck line,-4.5,-4.5,fanduel,2500,0.038461538461538464,0.02503204345703125,0.0,-0.3491668701171875,True
BOS@WPG,WPG puck line,-3.5,-3.5,fanduel,1000,0.09090909090909091,0.06935882568359375,0.0,-0.23705291748046875,True
BOS@WPG,WPG puck line,-2.5,-2.5,fanduel,340,0.22727272727272727,0.1858673095703125,0.0,-0.18218383789062498,True
BOS@WPG,WPG puck line,+1.5,1.5,fanduel,-330,0.7674418604651163,0.730926513671875,0.0,-0.047580603397253785,False
BOS@WPG,WPG puck line,+2.5,2.5,fanduel,-650,0.8666666666666667,0.8353729248046875,0.0,-0.036108163686899175,True
BOS@WPG,WPG puck line,+3.5,3.5,fanduel,-2400,0.96,0.9399032592773438,0.0,-0.020934104919433483,True
BOS@WPG,WPG puck line,+4.5,4.5,fanduel,-8000,0.9876543209876544,0.979095458984375,0.0,-0.008665847778320357,True
BOS@WPG,WPG puck line,+5.5,5.5,fanduel,-20000,0.9950248756218907,0.9937515258789062,0.0,-0.0012797164916993342,True
BOS@WPG,WPG puck line,+6.5,6.5,fanduel,-50000,0.998003992015968,0.9984970092773438,0.0,0.0004940032958984375,True
BOS@WPG,BOS puck line,+1.5,1.5,draftkings,-250,0.7142857142857143,0.700775146484375,0.0,-0.01891479492187509,False
BOS@WPG,BOS puck line,-3.5,-3.5,draftkings,900,0.1,0.06009674072265625,0.0,-0.3990325927734375,True
BOS@WPG,BOS puck line,-2.5,-2.5,draftkings,380,0.20833333333333334,0.1646270751953125,0.0,-0.20979003906250004,True
BOS@WPG,BOS puck line,-1.5,-1.5,draftkings,215,0.31746031746031744,0.269073486328125,0.0,-0.15241851806640627,False
BOS@WPG,BOS puck line,+2.5,2.5,draftkings,-550,0.8461538461538461,0.8141326904296875,0.0,-0.037843184037641975,True
BOS@WPG,BOS puck line,+3.5,3.5,draftkings,-1800,0.9473684210526315,0.9306411743164062,0.0,-0.017656538221571205,True
BOS@WPG,BOS puck line,+1.5,1.5,fanduel,-260,0.7222222222222222,0.700775146484375,0.0,-0.029695951021634692,False
BOS@WPG,BOS puck line,-4.5,-4.5,fanduel,2900,0.03333333333333333,0.020904541015625,0.0,-0.37286376953125,True
BOS@WPG,BOS puck line,-3.5,-3.5,fanduel,1180,0.078125,0.06009674072265625,0.0,-0.23076171874999996,True
BOS@WPG,BOS puck line,-2.5,-2.5,fanduel,410,0.19607843137254904,0.1646270751953125,0.0,-0.16040191650390634,True
BOS@WPG,BOS puck line,-1.5,-1.5,fanduel,235,0.29850746268656714,0.269073486328125,0.0,-0.09860382080078123,False
BOS@WPG,BOS puck line,+2.5,2.5,fanduel,-550,0.8461538461538461,0.8141326904296875,0.0,-0.037843184037641975,True
BOS@WPG,BOS puck line,+3.5,3.5,fanduel,-2000,0.9523809523809523,0.9306411743164062,0.0,-0.022826766967773415,True
BOS@WPG,BOS puck line,+4.5,4.5,fanduel,-6000,0.9836065573770493,0.9749679565429688,0.0,-0.008782577514648504,True
BOS@WPG,BOS puck line,+5.5,5.5,fanduel,-20000,0.9950248756218907,0.9926986694335938,0.0,-0.0023378372192384145,True
BOS@WPG,BOS puck line,+6.5,6.5,fanduel,-50000,0.998003992015968,0.9982147216796875,0.0,0.00021115112304692651,True
BOS@WPG,Game total,over,5.5,draftkings,-125,0.5555555555555556,0.5035018920898438,0.0,-0.09369659423828125,False
BOS@WPG,Game total,over,3.5,draftkings,-725,0.8787878787878788,0.836639404296875,0.0,-0.04796205717941804,True
BOS@WPG,Game total,over,4.5,draftkings,-375,0.7894736842105263,0.7470321655273438,0.0,-0.05375925699869799,False
BOS@WPG,Game total,over,6.5,draftkings,125,0.4444444444444444,0.3909149169921875,0.0,-0.12044143676757812,False
BOS@WPG,Game total,over,7.5,draftkings,280,0.2631578947368421,0.19614410400390625,0.0,-0.25465240478515627,True
BOS@WPG,Game total,over,8.5,draftkings,430,0.18867924528301888,0.13069915771484375,0.0,-0.3072944641113281,True
BOS@WPG,Game total,over,9.5,draftkings,1000,0.09090909090909091,0.048797607421875,0.0,-0.463226318359375,True
BOS@WPG,Game total,over,5.5,fanduel,-128,0.5614035087719298,0.5035018920898438,0.0,-0.10313725471496582,False
BOS@WPG,Game total,over,2.5,fanduel,-4500,0.9782608695652175,0.96466064453125,0.0,-0.01390245225694453,True
BOS@WPG,Game total,over,3.0,fanduel,-5000,0.9803921568627451,0.836639404296875,0.128021240234375,-0.018606567382812522,True
BOS@WPG,Game total,over,3.5,fanduel,-750,0.8823529411764706,0.836639404296875,0.0,-0.05180867513020837,True
BOS@WPG,Game total,over,4.0,fanduel,-600,0.8571428571428571,0.7470321655273438,0.08960723876953125,-0.038855234781901005,False
BOS@WPG,Game total,over,4.5,fanduel,-400,0.8,0.7470321655273438,0.0,-0.06620979309082031,False
BOS@WPG,Game total,over,5.0,fanduel,-250,0.7142857142857143,0.5035018920898438,0.2435302734375,-0.05156707763671875,False
BOS@WPG,Game total,over,6.0,fanduel,100,0.5,0.3909149169921875,0.11258697509765625,-0.10558319091796875,False
BOS@WPG,Game total,over,6.5,fanduel,124,0.4464285714285714,0.3909149169921875,0.0,-0.12435058593749992,False
BOS@WPG,Game total,over,7.0,fanduel,225,0.3076923076923077,0.19614410400390625,0.19477081298828125,-0.16776084899902344,True
BOS@WPG,Game total,over,7.5,fanduel,290,0.25641025641025644,0.19614410400390625,0.0,-0.2350379943847657,True
BOS@WPG,Game total,over,8.0,fanduel,420,0.1923076923076923,0.13069915771484375,0.0654449462890625,-0.25491943359375,True
BOS@WPG,Game total,over,8.5,fanduel,460,0.17857142857142858,0.13069915771484375,0.0,-0.26808471679687507,True
BOS@WPG,Game total,over,9.5,fanduel,1080,0.0847457627118644,0.048797607421875,0.0,-0.424188232421875,True
BOS@WPG,Game total,over,10.5,fanduel,1550,0.06060606060606061,0.0283966064453125,0.0,-0.5314559936523438,True
BOS@WPG,Game total,over,11.5,fanduel,4000,0.024390243902439025,0.00799560546875,0.0,-0.67218017578125,True
BOS@WPG,Game total,under,5.5,draftkings,105,0.48780487804878053,0.49649810791015625,0.0,0.017821121215820135,False
BOS@WPG,Game total,under,3.5,draftkings,430,0.18867924528301888,0.163360595703125,0.0,-0.13418884277343757,True
BOS@WPG,Game total,under,4.5,draftkings,260,0.2777777777777778,0.25296783447265625,0.0,-0.08931579589843752,False
BOS@WPG,Game total,under,6.5,draftkings,-165,0.6226415094339623,0.6090850830078125,0.0,-0.021772442441998163,False
BOS@WPG,Game total,under,7.5,draftkings,-420,0.8076923076923077,0.8038558959960938,0.0,-0.004749843052455294,True
BOS@WPG,Game total,under,8.5,draftkings,-725,0.8787878787878788,0.8693008422851562,0.0,-0.01079559326171875,True
BOS@WPG,Game total,under,9.5,draftkings,-2800,0.9655172413793103,0.951202392578125,0.0,-0.014826093401227536,True
BOS@WPG,Game total,under,5.5,fanduel,104,0.49019607843137253,0.49649810791015625,0.0,0.012856140136718874,False
BOS@WPG,Game total,under,2.5,fanduel,1900,0.05,0.03533935546875,0.0,-0.293212890625,True
BOS@WPG,Game total,under,3.0,fanduel,1500,0.0625,0.03533935546875,0.128021240234375,-0.306549072265625,True
BOS@WPG,Game total,under,3.5,fanduel,470,0.17543859649122806,0.163360595703125,0.0,-0.06884460449218743,True
BOS@WPG,Game total,under,4.0,fanduel,420,0.1923076923076923,0.163360595703125,0.08960723876953125,-0.06091766357421868,True
BOS@WPG,Game total,under,4.5,fanduel,280,0.2631578947368421,0.25296783447265625,0.0,-0.03872222900390632,False
BOS@WPG,Game total,under,5.0,fanduel,198,0.33557046979865773,0.25296783447265625,0.2435302734375,-0.0026255798339843706,False
BOS@WPG,Game total,under,6.0,fanduel,-122,0.5495495495495495,0.49649810791015625,0.11258697509765625,0.016050745229251984,False
BOS@WPG,Game total,under,6.5,fanduel,-158,0.6124031007751938,0.6090850830078125,0.0,-0.005418029012559278,False
BOS@WPG,Game total,under,7.0,fanduel,-290,0.7435897435897436,0.6090850830078125,0.19477081298828125,0.013885234964305049,False
BOS@WPG,Game total,under,7.5,fanduel,-410,0.803921568627451,0.8038558959960938,0.0,-8.169034632243832e-05,True
BOS@WPG,Game total,under,8.0,fanduel,-600,0.8571428571428571,0.8038558959960938,0.0654449462890625,0.003276824951171875,True
BOS@WPG,Game total,under,8.5,fanduel,-750,0.8823529411764706,0.8693008422851562,0.0,-0.014792378743489598,True
BOS@WPG,Game total,under,9.5,fanduel,-2000,0.9523809523809523,0.951202392578125,0.0,-0.0012374877929687278,True
BOS@WPG,Game total,under,10.5,fanduel,-3500,0.9722222222222223,0.9716033935546875,0.0,-0.0006365094866072063,True
BOS@WPG,Game total,under,11.5,fanduel,-8000,0.9876543209876544,0.99200439453125,0.0,0.004404449462890536,True
BOS@WPG,BOS team total,over,2.5,draftkings,-160,0.6153846153846154,0.5609359741210938,0.0,-0.08847904205322266,False
BOS@WPG,BOS team total,over,0.5,draftkings,-3500,0.9722222222222223,0.9403839111328125,0.0,-0.03274797712053579,True
BOS@WPG,BOS team total,over,1.5,draftkings,-475,0.8260869565217391,0.7787017822265625,0.0,-0.0573610004625823,True
BOS@WPG,BOS team total,over,3.5,draftkings,150,0.4,0.34043121337890625,0.0,-0.14892196655273438,False
BOS@WPG,BOS team total,over,4.5,draftkings,360,0.2173913043478261,0.16393280029296875,0.0,-0.24590911865234377,True
BOS@WPG,BOS team total,over,5.5,draftkings,900,0.1,0.06119537353515625,0.0,-0.3880462646484375,True
BOS@WPG,BOS team total,over,2.5,fanduel,-152,0.6031746031746031,0.5609359741210938,0.0,-0.0700272007992393,False
BOS@WPG,BOS team total,over,0.5,fanduel,-3000,0.9677419354838709,0.9403839111328125,0.0,-0.028269958496093706,True
BOS@WPG,BOS team total,over,1.5,fanduel,-480,0.8275862068965518,0.7787017822265625,0.0,-0.059068679809570424,True
BOS@WPG,BOS team total,over,3.5,fanduel,160,0.3846153846153846,0.34043121337890625,0.0,-0.1148788452148437,False
BOS@WPG,BOS team total,over,4.5,fanduel,380,0.20833333333333334,0.16393280029296875,0.0,-0.21312255859375007,True
BOS@WPG,BOS team total,over,5.5,fanduel,940,0.09615384615384615,0.06119537353515625,0.0,-0.36356811523437493,True
BOS@WPG,BOS team total,over,6.5,fanduel,2400,0.04,0.017791748046875,0.0,-0.555206298828125,True
BOS@WPG,BOS team total,under,2.5,draftkings,120,0.45454545454545453,0.43906402587890625,0.0,-0.03405914306640612,False
BOS@WPG,BOS team total,under,0.5,draftkings,1100,0.08333333333333333,0.0596160888671875,0.0,-0.28460693359375,True
BOS@WPG,BOS team total,under,1.5,draftkings,310,0.24390243902439027,0.2212982177734375,0.0,-0.09267730712890632,True
BOS@WPG,BOS team total,under,3.5,draftkings,-200,0.6666666666666666,0.6595687866210938,0.0,-0.010646820068359375,False
BOS@WPG,BOS team total,under,4.5,draftkings,-575,0.851851851851852,0.8360671997070312,0.0,-0.01852980903957213,True
BOS@WPG,BOS team total,under,5.5,draftkings,-2200,0.9565217391304348,0.9388046264648438,0.0,-0.018522435968572504,True
BOS@WPG,BOS team total,under,2.5,fanduel,120,0.45454545454545453,0.43906402587890625,0.0,-0.03405914306640612,False
BOS@WPG,BOS team total,under,0.5,fanduel,1300,0.07142857142857142,0.0596160888671875,0.0,-0.165374755859375,True
BOS@WPG,BOS team total,under,1.5,fanduel,320,0.23809523809523808,0.2212982177734375,0.0,-0.07054748535156241,True
BOS@WPG,BOS team total,under,3.5,fanduel,-210,0.6774193548387096,0.6595687866210938,0.0,-0.02635083879743294,False
BOS@WPG,BOS team total,under,4.5,fanduel,-600,0.8571428571428571,0.8360671997070312,0.0,-0.024588267008463505,True
BOS@WPG,BOS team total,under,5.5,fanduel,-1800,0.9473684210526315,0.9388046264648438,0.0,-0.009039560953776005,True
BOS@WPG,BOS team total,under,6.5,fanduel,-6000,0.9836065573770493,0.982208251953125,0.0,-0.0014216105143229907,True
BOS@WPG,WPG team total,over,2.5,draftkings,-165,0.6226415094339623,0.5898895263671875,0.0,-0.05260166977391101,False
BOS@WPG,WPG team total,over,0.5,draftkings,-3500,0.9722222222222223,0.94677734375,0.0,-0.026171875000000067,True
BOS@WPG,WPG team total,over,1.5,draftkings,-505,0.8347107438016529,0.801239013671875,0.0,-0.04009979550201115,True
BOS@WPG,WPG team total,over,3.5,draftkings,145,0.4081632653061224,0.36511993408203125,0.0,-0.10545616149902337,False
BOS@WPG,WPG team total,over,4.5,draftkings,330,0.23255813953488372,0.1802825927734375,0.0,-0.22478485107421875,True
BOS@WPG,WPG team total,over,5.5,draftkings,800,0.1111111111111111,0.06737518310546875,0.0,-0.39362335205078125,True
BOS@WPG,WPG team total,over,2.5,fanduel,-172,0.6323529411764706,0.5898895263671875,0.0,-0.06715144667514528,False
BOS@WPG,WPG team total,over,0.5,fanduel,-3500,0.9722222222222223,0.94677734375,0.0,-0.026171875000000067,True
BOS@WPG,WPG team total,over,1.5,fanduel,-550,0.8461538461538461,0.801239013671875,0.0,-0.053081165660511354,True
BOS@WPG,WPG team total,over,3.5,fanduel,142,0.4132231404958678,0.36511993408203125,0.0,-0.11640975952148436,False
BOS@WPG,WPG team total,over,4.5,fanduel,340,0.22727272727272727,0.1802825927734375,0.0,-0.2067565917968749,True
BOS@WPG,WPG team total,over,5.5,fanduel,880,0.1020408163265306,0.06737518310546875,0.0,-0.33972320556640623,True
BOS@WPG,WPG team total,over,6.5,fanduel,2000,0.047619047619047616,0.01976776123046875,0.0,-0.5848770141601562,True
BOS@WPG,WPG team total,under,2.5,draftkings,125,0.4444444444444444,0.4101104736328125,0.0,-0.07725143432617188,False
BOS@WPG,WPG team total,under,0.5,draftkings,1100,0.08333333333333333,0.05322265625,0.0,-0.361328125,True
BOS@WPG,WPG team total,under,1.5,draftkings,330,0.23255813953488372,0.198760986328125,0.0,-0.14532775878906257,True
BOS@WPG,WPG team total,under,3.5,draftkings,-190,0.6551724137931035,0.6348800659179688,0.0,-0.030972530967310896,False
BOS@WPG,WPG team total,under,4.5,draftkings,-505,0.8347107438016529,0.8197174072265625,0.0,-0.017962314114712274,True
BOS@WPG,WPG team total,under,5.5,draftkings,-1800,0.9473684210526315,0.9326248168945312,0.0,-0.015562693277994755,True
BOS@WPG,WPG team total,under,2.5,fanduel,134,0.4273504273504274,0.4101104736328125,0.0,-0.04034149169921886,False
BOS@WPG,WPG team total,under,0.5,fanduel,1400,0.06666666666666667,0.05322265625,0.0,-0.20166015625,True
BOS@WPG,WPG team total,under,1.5,fanduel,360,0.2173913043478261,0.198760986328125,0.0,-0.08569946289062502,True
BOS@WPG,WPG team total,under,3.5,fanduel,-182,0.6453900709219857,0.6348800659179688,0.0,-0.016284733028202214,False
BOS@WPG,WPG team total,under,4.5,fanduel,-550,0.8461538461538461,0.8197174072265625,0.0,-0.031243064186789682,True
BOS@WPG,WPG team total,under,5.5,fanduel,-1600,0.9411764705882353,0.9326248168945312,0.0,-0.009086132049560547,True
BOS@WPG,WPG team total,under,6.5,fanduel,-5000,0.9803921568627451,0.9802322387695312,0.0,-0.00016311645507816053,True
