game,player,team,role,pp,market,side,line,book,odds,alt,model_mean,mkt_mean,model_p,mkt_p,toi,hist_min,note,mkt_src,model_src,name_collision,cal,implied,blend_p,edge,ev,gap,fair_blend,ceiling,decision,run_ts_utc,snapshot,m_edge,k_edge,dec,pick,tier,kelly,stake,key,actual,win,settled,pnl
SEA@CGY,Brandon Montour,SEA,d2,PP2,SOG,under,2.5,draftkings,115,False,2.5231305211249486,2.887442757369696,0.5671159190057835,0.4834286891400618,21.69337024996997,2281.2966666666666,,"draftkings@2.5,fanduel@2.5,pinnacle@2.5,sgo_fair@2.5",v2,False,1.1177493515718362,0.4651162790697674,0.5169035810863504,0.0517873020165829,0.1113426993356532,0.0836872298657216,-107,103.0,BET,2026-10-01T22:31:29+00:00,sgo_slate_alt_20261001T223124Z.json,0.1019996399360161,0.0183124100702944,2.15,Brandon Montour U2.5 SOG,BASE,0.0242049346381854,0.0061077510231064,brandonmontour,4.0,0.0,True,-0.0061077510231064
EDM@VAN,Jake DeBrusk,VAN,f1,PP1,SOG,under,2.5,fanduel,108,False,2.4553838112033333,2.854821522663425,0.5835404371308185,0.4905754574887449,17.062746647599628,1995.955,,"draftkings@2.5,fanduel@2.5,pinnacle@2.5,sgo_fair@3.5",v2,False,1.1177493515718362,0.4807692307692308,0.5277614493455743,0.0469922185763435,0.0977438146387945,0.0929649796420735,-112,-101.0,lean,2026-10-01T22:31:29+00:00,sgo_slate_alt_20261001T223124Z.json,0.1027712063615877,0.0098062267195141,2.08,Jake DeBrusk U2.5 SOG,BASE,0.0226258830182394,0.005709301108185,jakedebrusk,4.0,0.0,True,-0.005709301108185
FLA@SJS,Igor Chernyshov,SJS,f2,PP1,PTS,over,0.5,draftkings,130,False,0.7616651565516132,0.5720516347726107,0.5331116628045327,0.4356336235625136,15.241397817484016,421.6166666666667,,"draftkings@0.5,pinnacle@0.5,sgo_fair@0.5",v2,False,1.061617483636178,0.4347826086956521,0.4746248392593212,0.039842230563669,0.0916371302964387,0.097478039242019,111,122.0,BET,2026-10-01T22:31:29+00:00,sgo_slate_alt_20261001T223124Z.json,0.0983290541088806,0.0008510148668615,2.3,Igor Chernyshov 1+ pts,BASE,0.0176225250570074,0.0044467790165751,igorchernyshov,0.0,0.0,True,-0.0044467790165751
EDM@VAN,Mattias Ekholm,EDM,d1,-,SOG,under,1.5,draftkings,120,False,1.551854865349883,1.914920185060596,0.5597568173097967,0.4531892228818574,20.42034919563089,2357.1041666666665,,"draftkings@1.5,pinnacle@1.5,sgo_fair@2.5",v2,False,1.1177493515718362,0.4545454545454545,0.4958162606530331,0.0412708061075786,0.0907957734366728,0.1065675944279391,102,112.0,BET,2026-10-01T22:31:29+00:00,sgo_slate_alt_20261001T223124Z.json,0.1052113627643421,-0.001356231663597,2.2,Mattias Ekholm U1.5 SOG,BASE,0.0189157861326401,0.0047731139881795,mattiasekholm,0.0,1.0,True,0.0057277367858154
MIN@NSH,Matt Boldy,MIN,f1,PP1,SOG,under,3.5,draftkings,-125,False,3.239739958409118,3.4854665439403103,0.6345098877641103,0.5845097442718618,21.075739809162464,2311.885,,"draftkings@3.5,fanduel@3.5,pinnacle@3.5,sgo_fair@3.5",v2,False,1.1177493515718362,0.5555555555555556,0.6045098016687612,0.0489542461132056,0.0881176430037702,0.0500001434922485,-153,-138.0,lean,2026-10-01T22:31:29+00:00,sgo_slate_alt_20261001T223124Z.json,0.0789543322085547,0.0289541887163061,1.8,Matt Boldy U3.5 SOG,BASE,0.0275367634386781,0.0069484878839662,mattboldy,5.0,0.0,True,-0.0069484878839662
EDM@VAN,Elias Pettersson,VAN,f1,PP1,SOG,under,2.5,draftkings,-160,False,1.940794160652507,2.2523754811407866,0.7142032089744467,0.6340676796229734,15.731030584118315,3186.044166666667,,"draftkings@2.5,fanduel@1.5,pinnacle@2.5,sgo_fair@2.5",v2,False,1.1177493515718362,0.6153846153846154,0.6661218913635627,0.0507372759789472,0.0824480734657893,0.0801355293514732,-200,-179.0,lean,2026-10-01T22:31:29+00:00,sgo_slate_alt_20261001T223124Z.json,0.0988185935898312,0.0186830642383579,1.625,Elias Pettersson U2.5 SOG,BASE,0.0329792293863157,0.0083218122683032,eliaspettersson,2.0,1.0,True,0.0052011326676895
CHI@UTA,Dylan Guenther,UTA,f2,PP1,PTS,over,0.5,fanduel,-158,False,1.241057357117885,0.9913746788036468,0.7109216028142232,0.628933756647851,18.667151628483552,1909.7266666666667,,"draftkings@0.5,pinnacle@0.5,sgo_fair@1.0",v2,False,1.061617483636178,0.6124031007751938,0.6617288951143999,0.0493257943392061,0.0805446515159189,0.0819878461663722,-196,-175.0,BET,2026-10-01T22:31:29+00:00,sgo_slate_alt_20261001T223124Z.json,0.0985185020390294,0.0165306558726572,1.6329113924050631,Dylan Guenther 1+ pts,BASE,0.0318151373487879,0.008028071159745,dylanguenther,2.0,1.0,True,0.005081057696041138
SEA@CGY,Matvei Gridin,CGY,f1,PP1,SOG,under,2.5,draftkings,-120,False,2.233485612565541,2.5897219194167924,0.6388548619384427,0.5512151352129211,17.12642833728254,561.0833333333334,,"draftkings@2.5,fanduel@2.5,pinnacle@2.5,sgo_fair@2.5",v2,False,1.1177493515718362,0.5454545454545454,0.5862710259031297,0.0408164804485843,0.0748302141557379,0.0876397267255215,-142,-128.0,lean,2026-10-01T22:31:29+00:00,sgo_slate_alt_20261001T223124Z.json,0.0934003164838972,0.0057605897583756,1.8333333333333333,Matvei Gridin U2.5 SOG,BASE,0.0224490642467213,0.0056646835519392,matveigridin,0.0,1.0,True,0.0047205696266159995
CHI@UTA,Dylan Guenther,UTA,f2,PP1,PTS,over,1.5,fanduel,340,True,1.241057357117885,0.9913746788036468,0.3521587312029689,0.2610680788297382,18.667151628483552,1909.7266666666667,,"draftkings@0.5,pinnacle@0.5,sgo_fair@1.0",v2,False,1.061617483636178,0.2272727272727272,0.2975043397790305,0.0702316125063033,0.3090190950277343,0.0910906523732306,236,267.0,BET,2026-10-01T22:31:29+00:00,sgo_slate_alt_20261001T223124Z.json,0.1248860039302417,0.0337953515570109,4.4,Dylan Guenther 2+ pts,MIDDLE,0.022721992281451,0.006920692022396,dylanguenther,2.0,1.0,True,0.023530352876146403
CHI@UTA,Nick Schmaltz,UTA,f1,PP1,G,over,0.5,fanduel,220,False,0.5438469473980998,0.3608846819201486,0.4194892429763783,0.3029406226188454,20.83611851350571,2303.2216666666664,,"fanduel@0.5,pinnacle@0.5,sgo_fair@0.5",v2,False,1.1094325222276298,0.3125,0.3495600707618586,0.0370600707618585,0.1185922264379475,0.1165486203575328,186,208.0,BET,2026-10-01T22:31:29+00:00,sgo_slate_alt_20261001T223124Z.json,0.1069892429763783,-0.0095593773811545,3.2,Nick Schmaltz 1+ goals,MIDDLE,0.0134763893679485,0.0041046550511154,nickschmaltz,1.0,1.0,True,0.009030241112453881
CHI@UTA,Clayton Keller,UTA,f1,PP1,A,over,1.5,fanduel,350,True,0.9600151057231864,0.935523334100948,0.2495354960095153,0.2405384527698235,20.23785293222684,2261.8883333333333,,"draftkings@0.5,pinnacle@0.5,sgo_fair@1.0",v2,False,1.060143275764459,0.2222222222222222,0.2441372700657002,0.021915047843478,0.0986177152956508,0.0089970432396918,310,356.0,lean,2026-10-01T22:31:29+00:00,sgo_slate_alt_20261001T223124Z.json,0.027313273787293,0.0183162305476012,4.5,Clayton Keller 2+ ast,MIDDLE,0.0070441225211179,0.0021455073979792,claytonkeller,2.0,1.0,True,0.0075092758929272
CHI@UTA,Anton Frondell,CHI,f1,PP1,G,over,0.5,fanduel,310,False,0.3263254703391439,0.2982108917710093,0.2784297005208291,0.257855188990496,17.627307836143608,229.9833333333333,,"fanduel@0.5,pinnacle@0.5,sgo_fair@0.5",v2,False,1.1094325222276298,0.2439024390243902,0.2660849936026292,0.022182554578239,0.0909484737707797,0.020574511530333,276,315.0,lean,2026-10-01T22:31:29+00:00,sgo_slate_alt_20261001T223124Z.json,0.0345272614964388,0.0139527499661057,4.1,Anton Frondell 1+ goals,MIDDLE,0.0073345543363532,0.0022339674732161,antonfrondell,0.0,0.0,True,-0.0022339674732161
CHI@UTA,Tyler Bertuzzi,CHI,f1,PP1,SOG,over,2.5,fanduel,230,True,2.277397800319424,1.99761306503184,0.3722537059336752,0.3005374060626736,17.963110816503743,2048.971666666667,,"draftkings@1.5,fanduel@1.5,pinnacle@1.5,sgo_fair@2.0",v2,False,1.1177493515718362,0.303030303030303,0.3292239260110743,0.0261936229807713,0.0864389558365452,0.0717162998710015,204,229.0,BET,2026-10-01T22:31:29+00:00,sgo_slate_alt_20261001T223124Z.json,0.0692234029033722,-0.0024928969676293,3.3,Tyler Bertuzzi 3+ SOG,MIDDLE,0.0093955386778853,0.0028617045886084,tylerbertuzzi,2.0,0.0,True,-0.0028617045886084
CHI@UTA,Frank Nazar,CHI,f3,PP2,SOG,over,2.5,fanduel,245,True,2.2004421555260745,1.937833148355688,0.3527418410551001,0.2850281070079973,16.08366611946304,1587.1658333333332,,"draftkings@1.5,fanduel@1.5,pinnacle@1.5,sgo_fair@2.0",v2,False,1.1177493515718362,0.2898550724637681,0.3121136006268384,0.0222585281630703,0.0767919221625927,0.0677137340471027,220,248.0,BET,2026-10-01T22:31:29+00:00,sgo_slate_alt_20261001T223124Z.json,0.0628867685913319,-0.0048269654557707,3.45,Frank Nazar 3+ SOG,MIDDLE,0.0078359104247543,0.0023866711199034,franknazar,0.0,0.0,True,-0.0023866711199034
MIN@NSH,Steven Stamkos,NSH,f1,PP1,G,over,0.5,fanduel,220,False,0.4627109738019762,0.3740813713469308,0.3704254302411496,0.3120790675014058,18.34647335976343,2126.0425,,"fanduel@0.5,pinnacle@0.5,sgo_fair@0.5",v2,False,1.1094325222276298,0.3125,0.3354176125973033,0.0229176125973032,0.0733363603113705,0.0583463627397438,198,222.0,lean,2026-10-01T22:31:29+00:00,sgo_slate_alt_20261001T223124Z.json,0.0579254302411496,-0.0004209324985942,3.2,Steven Stamkos 1+ goals,MIDDLE,0.0083336773081102,0.0025382815621561,stevenstamkos,0.0,0.0,True,-0.0025382815621561
CHI@UTA,Dylan Guenther,UTA,f2,PP1,A,over,0.5,fanduel,176,False,0.606926920484125,0.4531854624895746,0.4429768022163616,0.3523997573088047,18.667151628483552,1909.7266666666667,,"draftkings@0.5,pinnacle@0.5,sgo_fair@0.5",v2,False,1.060143275764459,0.3623188405797101,0.3886305752718273,0.0263117346921172,0.0726203877502433,0.0905770449075569,157,175.0,BET,2026-10-01T22:31:29+00:00,sgo_slate_alt_20261001T223124Z.json,0.0806579616366515,-0.0099190832709054,2.76,Dylan Guenther 1+ ast,MIDDLE,0.0103153959872504,0.003141875845768,dylanguenther,0.0,0.0,True,-0.003141875845768
PHI@NJD,Trevor Zegras,PHI,f1,PP1,SOG,over,2.5,fanduel,260,True,2.116476522521403,1.89501857162285,0.3312413177634123,0.2739120182530515,17.99068419922891,1969.705,,"draftkings@1.5,fanduel@1.5,pinnacle@1.5,sgo_fair@2.0",v2,False,1.1177493515718362,0.2777777777777778,0.2968437380571959,0.019065960279418,0.0686374570059051,0.0573292995103608,237,268.0,BET,2026-10-01T22:31:29+00:00,sgo_slate_alt_20261001T223124Z.json,0.0534635399856345,-0.0038657595247262,3.6,Trevor Zegras 3+ SOG,MIDDLE,0.006599755481337,0.0020101615449777,trevorzegras,1.0,0.0,True,-0.0020101615449777
TBL@NYR,Jake Guentzel,TBL,f2,PP1,PTS,over,1.5,fanduel,300,True,1.0599115986074572,0.9694760622309098,0.2862685658322416,0.2530137590629567,19.785716260203337,2359.6541666666667,,"draftkings@0.5,pinnacle@0.5,sgo_fair@1.0",v2,False,1.061617483636178,0.25,0.2663156817706707,0.0163156817706707,0.0652627270826828,0.0332548067692848,275,314.0,lean,2026-10-01T22:31:29+00:00,sgo_slate_alt_20261001T223124Z.json,0.0362685658322415,0.0030137590629567,4.0,Jake Guentzel 2+ pts,MIDDLE,0.0054385605902235,0.0016564833938793,jakeguentzel,0.0,0.0,True,-0.0016564833938793
TBL@NYR,Jake Guentzel,TBL,f2,PP1,G,over,1.5,fanduel,1700,True,0.4536581761402275,0.4049838538676554,0.0764911688852665,0.0628932193117504,19.785716260203337,2359.6541666666667,,"fanduel@0.5,pinnacle@0.5,sgo_fair@0.5",v2,False,1.1094325222276298,0.0555555555555555,0.0683323991411569,0.0127768435856013,0.229983184540824,0.013597949573516,1363,2208.0,lean,2026-10-01T22:31:29+00:00,sgo_slate_alt_20261001T223124Z.json,0.020935613329711,0.0073376637561949,18.0,Jake Guentzel 2+ goals,TOP,0.0033821056550121,0.003671717629008,jakeguentzel,0.0,0.0,True,-0.003671717629008
CHI@UTA,Anton Frondell,CHI,f1,PP1,G,over,1.5,fanduel,3000,True,0.3263254703391439,0.2982108917710093,0.0429629331605317,0.0365395230761247,17.627307836143608,229.9833333333333,,"fanduel@0.5,pinnacle@0.5,sgo_fair@0.5",v2,False,1.1094325222276298,0.032258064516129,0.0391088871098875,0.0068508225937585,0.2123755004065124,0.006423410084407,2457,6988.0,pass,2026-10-01T22:31:29+00:00,sgo_slate_alt_20261001T223124Z.json,0.0107048686444027,0.0042814585599957,31.0,Anton Frondell 2+ goals,TOP,0.0017697958367209,0.0019213446403731,antonfrondell,0.0,0.0,True,-0.0019213446403731
SEA@CGY,Bobby McMann,SEA,f2,PP1,G,over,1.5,fanduel,2200,True,0.3591320967244171,0.3637389123558188,0.0509423792326437,0.0521023858253998,16.598452352257077,1725.3875,,"pinnacle@0.5,sgo_fair@0.5",v2,False,1.1094325222276298,0.0434782608695652,0.0516383831882974,0.0081601223187322,0.1876828133308401,-0.0011600065927561,1837,3654.0,pass,2026-10-01T22:31:29+00:00,sgo_slate_alt_20261001T223124Z.json,0.0074641183630784,0.0086241249558345,23.0,Bobby McMann 2+ goals,TOP,0.0021327592423959,0.0023153888457416,bobbymcmann,0.0,0.0,True,-0.0023153888457416
TBL@NYR,Alexis Lafrenière,NYR,f1,PP1,G,over,1.5,draftkings,2500,False,0.382389629063863,0.3055166434316794,0.0568934498799075,0.0381702178966478,18.323826239617773,0.0,no NHL data: 85% of positional prior,"fanduel@0.5,pinnacle@0.5,sgo_fair@0.5",v2,False,1.1094325222276298,0.0384615384615384,0.0456595106899517,0.0071979722284132,0.1871472779387442,0.0187232319832596,2090,4740.0,pass,2026-10-01T22:31:29+00:00,sgo_slate_alt_20261001T223124Z.json,0.0184319114183691,-0.0002913205648906,26.0,Alexis Lafrenière 2+ goals,TOP,0.0018714727793874,0.0020317282477861,alexislafreniere,0.0,0.0,True,-0.0020317282477861
FLA@SJS,Sam Reinhart,FLA,f1,PP1,G,over,1.5,draftkings,1400,False,0.4871973705332312,0.4413208738470885,0.0863465903829467,0.0729621718587598,19.76618036181109,2112.1575000000003,,"fanduel@0.5,pinnacle@0.5,sgo_fair@0.5",v2,False,1.1094325222276298,0.0666666666666666,0.0783159392684346,0.0116492726017679,0.174739089026519,0.0133844185241868,1177,1776.0,lean,2026-10-01T22:31:29+00:00,sgo_slate_alt_20261001T223124Z.json,0.0196799237162801,0.0062955051920932,15.0,Sam Reinhart 2+ goals,TOP,0.0031203408754735,0.0033875377559574,samreinhart,0.0,0.0,True,-0.0033875377559574
FLA@SJS,Carter Verhaeghe,FLA,f2,PP2,G,over,1.5,draftkings,2500,False,0.3785037183618851,0.3032419220004773,0.0558828958148325,0.0376595335524623,18.09627701447052,2026.48,,"fanduel@0.5,pinnacle@0.5,sgo_fair@0.5",v2,False,1.1094325222276298,0.0384615384615384,0.0449488784574104,0.0064873399958719,0.1686708398926704,0.0182233622623702,2125,4913.0,pass,2026-10-01T22:31:29+00:00,sgo_slate_alt_20261001T223124Z.json,0.0174213573532941,-0.0008020049090761,26.0,Carter Verhaeghe 2+ goals,TOP,0.0016867083989267,0.0018311423695936,carterverhaeghe,0.0,0.0,True,-0.0018311423695936
FLA@SJS,Sam Bennett,FLA,f2,PP2,G,over,1.5,draftkings,1900,False,0.4364734904674932,0.3494087135970384,0.0715904753751951,0.0485253236209366,17.718155050618147,2021.4766666666667,,"fanduel@0.5,pinnacle@0.5,sgo_fair@0.5",v2,False,1.1094325222276298,0.05,0.05775138432264,0.0077513843226399,0.1550276864527999,0.0230651517542584,1632,2953.0,pass,2026-10-01T22:31:29+00:00,sgo_slate_alt_20261001T223124Z.json,0.021590475375195,-0.0014746763790633,20.0,Sam Bennett 2+ goals,TOP,0.0020398379796421,0.0022145106729804,sambennett,0.0,0.0,True,-0.0022145106729804
FLA@SJS,Matthew Tkachuk,FLA,f2,PP1,G,over,1.5,draftkings,1500,False,0.4886861878210605,0.3995321317282019,0.0867925534175779,0.0614265309958817,17.381914833785785,1013.015,,"fanduel@0.5,pinnacle@0.5,sgo_fair@0.5",v2,False,1.1094325222276298,0.0625,0.0715729399645602,0.0090729399645601,0.1451670394329631,0.0253660224216962,1297,2047.0,pass,2026-10-01T22:31:29+00:00,sgo_slate_alt_20261001T223124Z.json,0.0242925534175778,-0.0010734690041183,16.0,Matthew Tkachuk 2+ goals,TOP,0.002419450657216,0.0026266298385593,matthewtkachuk,1.0,0.0,True,-0.0026266298385593
