size,legs,payout_x,p,ev,cracks,stake
small,Matt Boldy U3.5 SOG (DR -125) + Brandon Montour U2.5 SOG (DR +115),3.87,0.3124732812843821,0.20927159857055888,1,0.002
small,Matt Boldy U3.5 SOG (DR -125) + Jake DeBrusk U2.5 SOG (FA +108),3.744,0.3190369690723111,0.19447441220673278,1,0.002
small,Matt Boldy U3.5 SOG (DR -125) + Elias Pettersson U2.5 SOG (DR -160),2.9250000000000003,0.4026772124354074,0.17783084637356672,1,0.002
medium,Matt Boldy U3.5 SOG (DR -125) + Clayton Keller 2+ ast (FA +350),8.1,0.14758337270736924,0.19542531892969084,1,0.001
medium,Matt Boldy U3.5 SOG (DR -125) + Jake Guentzel 2+ pts (FA +300),7.2,0.1609904399684691,0.15913116777297742,1,0.001
medium,Matt Boldy U3.5 SOG (DR -125) + Dylan Guenther 2+ pts (FA +340),7.920000000000001,0.1798442894354175,0.4243667723285067,2,0.001
moonshot,Matt Boldy U3.5 SOG (DR -125) + Bobby McMann 2+ goals (FA +2200),41.4,0.031215908779653155,0.2923386234776406,2,0.0005
moonshot,Matt Boldy U3.5 SOG (DR -125) + Sam Reinhart 2+ goals (DR +1400),27.0,0.047342752914664145,0.2782543286959318,2,0.0005
moonshot,Matt Boldy U3.5 SOG (DR -125) + Clayton Keller 2+ ast (FA +350) + Jake Guentzel 2+ pts (FA +300),32.4,0.039303766520578036,0.2734420352667284,2,0.0005
